campaign,lambda_obs,r_retained_fraction,u_useful_fraction,v_incorporation_fraction,h_exchanges_per_unit,mu_eff_capability_units_per_day,evidentiary_status
DeepSeek_Distillation_Cluster,166666.66666666666,0.001,0.1,0.1,100,0.016666666666666666,scenario
DeepSeek_Distillation_Cluster,166666.66666666666,0.001,0.1,0.1,1000,0.0016666666666666668,scenario
DeepSeek_Distillation_Cluster,166666.66666666666,0.001,0.1,0.1,10000,0.00016666666666666666,scenario
DeepSeek_Distillation_Cluster,166666.66666666666,0.001,0.1,0.1,100000,1.6666666666666667e-05,scenario
DeepSeek_Distillation_Cluster,166666.66666666666,0.001,0.1,0.25,100,0.04166666666666667,scenario
DeepSeek_Distillation_Cluster,166666.66666666666,0.001,0.1,0.25,1000,0.004166666666666667,scenario
DeepSeek_Distillation_Cluster,166666.66666666666,0.001,0.1,0.25,10000,0.0004166666666666667,scenario
DeepSeek_Distillation_Cluster,166666.66666666666,0.001,0.1,0.25,100000,4.166666666666667e-05,scenario
DeepSeek_Distillation_Cluster,166666.66666666666,0.001,0.1,0.5,100,0.08333333333333334,scenario
DeepSeek_Distillation_Cluster,166666.66666666666,0.001,0.1,0.5,1000,0.008333333333333333,scenario
DeepSeek_Distillation_Cluster,166666.66666666666,0.001,0.1,0.5,10000,0.0008333333333333334,scenario
DeepSeek_Distillation_Cluster,166666.66666666666,0.001,0.1,0.5,100000,8.333333333333334e-05,scenario
DeepSeek_Distillation_Cluster,166666.66666666666,0.001,0.1,0.75,100,0.125,scenario
DeepSeek_Distillation_Cluster,166666.66666666666,0.001,0.1,0.75,1000,0.0125,scenario
DeepSeek_Distillation_Cluster,166666.66666666666,0.001,0.1,0.75,10000,0.00125,scenario
DeepSeek_Distillation_Cluster,166666.66666666666,0.001,0.1,0.75,100000,0.000125,scenario
DeepSeek_Distillation_Cluster,166666.66666666666,0.001,0.1,1.0,100,0.16666666666666669,scenario
DeepSeek_Distillation_Cluster,166666.66666666666,0.001,0.1,1.0,1000,0.016666666666666666,scenario
DeepSeek_Distillation_Cluster,166666.66666666666,0.001,0.1,1.0,10000,0.0016666666666666668,scenario
DeepSeek_Distillation_Cluster,166666.66666666666,0.001,0.1,1.0,100000,0.0001666666666666667,scenario
DeepSeek_Distillation_Cluster,166666.66666666666,0.001,0.25,0.1,100,0.04166666666666667,scenario
DeepSeek_Distillation_Cluster,166666.66666666666,0.001,0.25,0.1,1000,0.004166666666666667,scenario
DeepSeek_Distillation_Cluster,166666.66666666666,0.001,0.25,0.1,10000,0.0004166666666666667,scenario
DeepSeek_Distillation_Cluster,166666.66666666666,0.001,0.25,0.1,100000,4.166666666666667e-05,scenario
DeepSeek_Distillation_Cluster,166666.66666666666,0.001,0.25,0.25,100,0.10416666666666666,scenario
DeepSeek_Distillation_Cluster,166666.66666666666,0.001,0.25,0.25,1000,0.010416666666666666,scenario
DeepSeek_Distillation_Cluster,166666.66666666666,0.001,0.25,0.25,10000,0.0010416666666666667,scenario
DeepSeek_Distillation_Cluster,166666.66666666666,0.001,0.25,0.25,100000,0.00010416666666666666,scenario
DeepSeek_Distillation_Cluster,166666.66666666666,0.001,0.25,0.5,100,0.20833333333333331,scenario
DeepSeek_Distillation_Cluster,166666.66666666666,0.001,0.25,0.5,1000,0.020833333333333332,scenario
DeepSeek_Distillation_Cluster,166666.66666666666,0.001,0.25,0.5,10000,0.0020833333333333333,scenario
DeepSeek_Distillation_Cluster,166666.66666666666,0.001,0.25,0.5,100000,0.00020833333333333332,scenario
DeepSeek_Distillation_Cluster,166666.66666666666,0.001,0.25,0.75,100,0.3125,scenario
DeepSeek_Distillation_Cluster,166666.66666666666,0.001,0.25,0.75,1000,0.03125,scenario
DeepSeek_Distillation_Cluster,166666.66666666666,0.001,0.25,0.75,10000,0.003125,scenario
DeepSeek_Distillation_Cluster,166666.66666666666,0.001,0.25,0.75,100000,0.0003125,scenario
DeepSeek_Distillation_Cluster,166666.66666666666,0.001,0.25,1.0,100,0.41666666666666663,scenario
DeepSeek_Distillation_Cluster,166666.66666666666,0.001,0.25,1.0,1000,0.041666666666666664,scenario
DeepSeek_Distillation_Cluster,166666.66666666666,0.001,0.25,1.0,10000,0.004166666666666667,scenario
DeepSeek_Distillation_Cluster,166666.66666666666,0.001,0.25,1.0,100000,0.00041666666666666664,scenario
DeepSeek_Distillation_Cluster,166666.66666666666,0.001,0.5,0.1,100,0.08333333333333334,scenario
DeepSeek_Distillation_Cluster,166666.66666666666,0.001,0.5,0.1,1000,0.008333333333333333,scenario
DeepSeek_Distillation_Cluster,166666.66666666666,0.001,0.5,0.1,10000,0.0008333333333333334,scenario
DeepSeek_Distillation_Cluster,166666.66666666666,0.001,0.5,0.1,100000,8.333333333333334e-05,scenario
DeepSeek_Distillation_Cluster,166666.66666666666,0.001,0.5,0.25,100,0.20833333333333331,scenario
DeepSeek_Distillation_Cluster,166666.66666666666,0.001,0.5,0.25,1000,0.020833333333333332,scenario
DeepSeek_Distillation_Cluster,166666.66666666666,0.001,0.5,0.25,10000,0.0020833333333333333,scenario
DeepSeek_Distillation_Cluster,166666.66666666666,0.001,0.5,0.25,100000,0.00020833333333333332,scenario
DeepSeek_Distillation_Cluster,166666.66666666666,0.001,0.5,0.5,100,0.41666666666666663,scenario
DeepSeek_Distillation_Cluster,166666.66666666666,0.001,0.5,0.5,1000,0.041666666666666664,scenario
DeepSeek_Distillation_Cluster,166666.66666666666,0.001,0.5,0.5,10000,0.004166666666666667,scenario
DeepSeek_Distillation_Cluster,166666.66666666666,0.001,0.5,0.5,100000,0.00041666666666666664,scenario
DeepSeek_Distillation_Cluster,166666.66666666666,0.001,0.5,0.75,100,0.625,scenario
DeepSeek_Distillation_Cluster,166666.66666666666,0.001,0.5,0.75,1000,0.0625,scenario
DeepSeek_Distillation_Cluster,166666.66666666666,0.001,0.5,0.75,10000,0.00625,scenario
DeepSeek_Distillation_Cluster,166666.66666666666,0.001,0.5,0.75,100000,0.000625,scenario
DeepSeek_Distillation_Cluster,166666.66666666666,0.001,0.5,1.0,100,0.8333333333333333,scenario
DeepSeek_Distillation_Cluster,166666.66666666666,0.001,0.5,1.0,1000,0.08333333333333333,scenario
DeepSeek_Distillation_Cluster,166666.66666666666,0.001,0.5,1.0,10000,0.008333333333333333,scenario
DeepSeek_Distillation_Cluster,166666.66666666666,0.001,0.5,1.0,100000,0.0008333333333333333,scenario
DeepSeek_Distillation_Cluster,166666.66666666666,0.001,0.75,0.1,100,0.125,scenario
DeepSeek_Distillation_Cluster,166666.66666666666,0.001,0.75,0.1,1000,0.0125,scenario
DeepSeek_Distillation_Cluster,166666.66666666666,0.001,0.75,0.1,10000,0.00125,scenario
DeepSeek_Distillation_Cluster,166666.66666666666,0.001,0.75,0.1,100000,0.000125,scenario
DeepSeek_Distillation_Cluster,166666.66666666666,0.001,0.75,0.25,100,0.3125,scenario
DeepSeek_Distillation_Cluster,166666.66666666666,0.001,0.75,0.25,1000,0.03125,scenario
DeepSeek_Distillation_Cluster,166666.66666666666,0.001,0.75,0.25,10000,0.003125,scenario
DeepSeek_Distillation_Cluster,166666.66666666666,0.001,0.75,0.25,100000,0.0003125,scenario
DeepSeek_Distillation_Cluster,166666.66666666666,0.001,0.75,0.5,100,0.625,scenario
DeepSeek_Distillation_Cluster,166666.66666666666,0.001,0.75,0.5,1000,0.0625,scenario
DeepSeek_Distillation_Cluster,166666.66666666666,0.001,0.75,0.5,10000,0.00625,scenario
DeepSeek_Distillation_Cluster,166666.66666666666,0.001,0.75,0.5,100000,0.000625,scenario
DeepSeek_Distillation_Cluster,166666.66666666666,0.001,0.75,0.75,100,0.9375,scenario
DeepSeek_Distillation_Cluster,166666.66666666666,0.001,0.75,0.75,1000,0.09375,scenario
DeepSeek_Distillation_Cluster,166666.66666666666,0.001,0.75,0.75,10000,0.009375,scenario
DeepSeek_Distillation_Cluster,166666.66666666666,0.001,0.75,0.75,100000,0.0009375,scenario
DeepSeek_Distillation_Cluster,166666.66666666666,0.001,0.75,1.0,100,1.25,scenario
DeepSeek_Distillation_Cluster,166666.66666666666,0.001,0.75,1.0,1000,0.125,scenario
DeepSeek_Distillation_Cluster,166666.66666666666,0.001,0.75,1.0,10000,0.0125,scenario
DeepSeek_Distillation_Cluster,166666.66666666666,0.001,0.75,1.0,100000,0.00125,scenario
DeepSeek_Distillation_Cluster,166666.66666666666,0.001,1.0,0.1,100,0.16666666666666669,scenario
DeepSeek_Distillation_Cluster,166666.66666666666,0.001,1.0,0.1,1000,0.016666666666666666,scenario
DeepSeek_Distillation_Cluster,166666.66666666666,0.001,1.0,0.1,10000,0.0016666666666666668,scenario
DeepSeek_Distillation_Cluster,166666.66666666666,0.001,1.0,0.1,100000,0.0001666666666666667,scenario
DeepSeek_Distillation_Cluster,166666.66666666666,0.001,1.0,0.25,100,0.41666666666666663,scenario
DeepSeek_Distillation_Cluster,166666.66666666666,0.001,1.0,0.25,1000,0.041666666666666664,scenario
DeepSeek_Distillation_Cluster,166666.66666666666,0.001,1.0,0.25,10000,0.004166666666666667,scenario
DeepSeek_Distillation_Cluster,166666.66666666666,0.001,1.0,0.25,100000,0.00041666666666666664,scenario
DeepSeek_Distillation_Cluster,166666.66666666666,0.001,1.0,0.5,100,0.8333333333333333,scenario
DeepSeek_Distillation_Cluster,166666.66666666666,0.001,1.0,0.5,1000,0.08333333333333333,scenario
DeepSeek_Distillation_Cluster,166666.66666666666,0.001,1.0,0.5,10000,0.008333333333333333,scenario
DeepSeek_Distillation_Cluster,166666.66666666666,0.001,1.0,0.5,100000,0.0008333333333333333,scenario
DeepSeek_Distillation_Cluster,166666.66666666666,0.001,1.0,0.75,100,1.25,scenario
DeepSeek_Distillation_Cluster,166666.66666666666,0.001,1.0,0.75,1000,0.125,scenario
DeepSeek_Distillation_Cluster,166666.66666666666,0.001,1.0,0.75,10000,0.0125,scenario
DeepSeek_Distillation_Cluster,166666.66666666666,0.001,1.0,0.75,100000,0.00125,scenario
DeepSeek_Distillation_Cluster,166666.66666666666,0.001,1.0,1.0,100,1.6666666666666665,scenario
DeepSeek_Distillation_Cluster,166666.66666666666,0.001,1.0,1.0,1000,0.16666666666666666,scenario
DeepSeek_Distillation_Cluster,166666.66666666666,0.001,1.0,1.0,10000,0.016666666666666666,scenario
DeepSeek_Distillation_Cluster,166666.66666666666,0.001,1.0,1.0,100000,0.0016666666666666666,scenario
DeepSeek_Distillation_Cluster,166666.66666666666,0.005,0.1,0.1,100,0.08333333333333334,scenario
DeepSeek_Distillation_Cluster,166666.66666666666,0.005,0.1,0.1,1000,0.008333333333333333,scenario
DeepSeek_Distillation_Cluster,166666.66666666666,0.005,0.1,0.1,10000,0.0008333333333333334,scenario
DeepSeek_Distillation_Cluster,166666.66666666666,0.005,0.1,0.1,100000,8.333333333333334e-05,scenario
DeepSeek_Distillation_Cluster,166666.66666666666,0.005,0.1,0.25,100,0.20833333333333331,scenario
DeepSeek_Distillation_Cluster,166666.66666666666,0.005,0.1,0.25,1000,0.020833333333333332,scenario
DeepSeek_Distillation_Cluster,166666.66666666666,0.005,0.1,0.25,10000,0.0020833333333333333,scenario
DeepSeek_Distillation_Cluster,166666.66666666666,0.005,0.1,0.25,100000,0.00020833333333333332,scenario
DeepSeek_Distillation_Cluster,166666.66666666666,0.005,0.1,0.5,100,0.41666666666666663,scenario
DeepSeek_Distillation_Cluster,166666.66666666666,0.005,0.1,0.5,1000,0.041666666666666664,scenario
DeepSeek_Distillation_Cluster,166666.66666666666,0.005,0.1,0.5,10000,0.004166666666666667,scenario
DeepSeek_Distillation_Cluster,166666.66666666666,0.005,0.1,0.5,100000,0.00041666666666666664,scenario
DeepSeek_Distillation_Cluster,166666.66666666666,0.005,0.1,0.75,100,0.625,scenario
DeepSeek_Distillation_Cluster,166666.66666666666,0.005,0.1,0.75,1000,0.0625,scenario
DeepSeek_Distillation_Cluster,166666.66666666666,0.005,0.1,0.75,10000,0.00625,scenario
DeepSeek_Distillation_Cluster,166666.66666666666,0.005,0.1,0.75,100000,0.000625,scenario
DeepSeek_Distillation_Cluster,166666.66666666666,0.005,0.1,1.0,100,0.8333333333333333,scenario
DeepSeek_Distillation_Cluster,166666.66666666666,0.005,0.1,1.0,1000,0.08333333333333333,scenario
DeepSeek_Distillation_Cluster,166666.66666666666,0.005,0.1,1.0,10000,0.008333333333333333,scenario
DeepSeek_Distillation_Cluster,166666.66666666666,0.005,0.1,1.0,100000,0.0008333333333333333,scenario
DeepSeek_Distillation_Cluster,166666.66666666666,0.005,0.25,0.1,100,0.20833333333333331,scenario
DeepSeek_Distillation_Cluster,166666.66666666666,0.005,0.25,0.1,1000,0.020833333333333332,scenario
DeepSeek_Distillation_Cluster,166666.66666666666,0.005,0.25,0.1,10000,0.0020833333333333333,scenario
DeepSeek_Distillation_Cluster,166666.66666666666,0.005,0.25,0.1,100000,0.00020833333333333332,scenario
DeepSeek_Distillation_Cluster,166666.66666666666,0.005,0.25,0.25,100,0.5208333333333333,scenario
DeepSeek_Distillation_Cluster,166666.66666666666,0.005,0.25,0.25,1000,0.05208333333333333,scenario
DeepSeek_Distillation_Cluster,166666.66666666666,0.005,0.25,0.25,10000,0.005208333333333333,scenario
DeepSeek_Distillation_Cluster,166666.66666666666,0.005,0.25,0.25,100000,0.0005208333333333333,scenario
DeepSeek_Distillation_Cluster,166666.66666666666,0.005,0.25,0.5,100,1.0416666666666665,scenario
DeepSeek_Distillation_Cluster,166666.66666666666,0.005,0.25,0.5,1000,0.10416666666666666,scenario
DeepSeek_Distillation_Cluster,166666.66666666666,0.005,0.25,0.5,10000,0.010416666666666666,scenario
DeepSeek_Distillation_Cluster,166666.66666666666,0.005,0.25,0.5,100000,0.0010416666666666667,scenario
DeepSeek_Distillation_Cluster,166666.66666666666,0.005,0.25,0.75,100,1.5624999999999998,scenario
DeepSeek_Distillation_Cluster,166666.66666666666,0.005,0.25,0.75,1000,0.15624999999999997,scenario
DeepSeek_Distillation_Cluster,166666.66666666666,0.005,0.25,0.75,10000,0.015624999999999997,scenario
DeepSeek_Distillation_Cluster,166666.66666666666,0.005,0.25,0.75,100000,0.0015624999999999997,scenario
DeepSeek_Distillation_Cluster,166666.66666666666,0.005,0.25,1.0,100,2.083333333333333,scenario
DeepSeek_Distillation_Cluster,166666.66666666666,0.005,0.25,1.0,1000,0.20833333333333331,scenario
DeepSeek_Distillation_Cluster,166666.66666666666,0.005,0.25,1.0,10000,0.020833333333333332,scenario
DeepSeek_Distillation_Cluster,166666.66666666666,0.005,0.25,1.0,100000,0.0020833333333333333,scenario
DeepSeek_Distillation_Cluster,166666.66666666666,0.005,0.5,0.1,100,0.41666666666666663,scenario
DeepSeek_Distillation_Cluster,166666.66666666666,0.005,0.5,0.1,1000,0.041666666666666664,scenario
DeepSeek_Distillation_Cluster,166666.66666666666,0.005,0.5,0.1,10000,0.004166666666666667,scenario
DeepSeek_Distillation_Cluster,166666.66666666666,0.005,0.5,0.1,100000,0.00041666666666666664,scenario
DeepSeek_Distillation_Cluster,166666.66666666666,0.005,0.5,0.25,100,1.0416666666666665,scenario
DeepSeek_Distillation_Cluster,166666.66666666666,0.005,0.5,0.25,1000,0.10416666666666666,scenario
DeepSeek_Distillation_Cluster,166666.66666666666,0.005,0.5,0.25,10000,0.010416666666666666,scenario
DeepSeek_Distillation_Cluster,166666.66666666666,0.005,0.5,0.25,100000,0.0010416666666666667,scenario
DeepSeek_Distillation_Cluster,166666.66666666666,0.005,0.5,0.5,100,2.083333333333333,scenario
DeepSeek_Distillation_Cluster,166666.66666666666,0.005,0.5,0.5,1000,0.20833333333333331,scenario
DeepSeek_Distillation_Cluster,166666.66666666666,0.005,0.5,0.5,10000,0.020833333333333332,scenario
DeepSeek_Distillation_Cluster,166666.66666666666,0.005,0.5,0.5,100000,0.0020833333333333333,scenario
DeepSeek_Distillation_Cluster,166666.66666666666,0.005,0.5,0.75,100,3.1249999999999996,scenario
DeepSeek_Distillation_Cluster,166666.66666666666,0.005,0.5,0.75,1000,0.31249999999999994,scenario
DeepSeek_Distillation_Cluster,166666.66666666666,0.005,0.5,0.75,10000,0.031249999999999993,scenario
DeepSeek_Distillation_Cluster,166666.66666666666,0.005,0.5,0.75,100000,0.0031249999999999993,scenario
DeepSeek_Distillation_Cluster,166666.66666666666,0.005,0.5,1.0,100,4.166666666666666,scenario
DeepSeek_Distillation_Cluster,166666.66666666666,0.005,0.5,1.0,1000,0.41666666666666663,scenario
DeepSeek_Distillation_Cluster,166666.66666666666,0.005,0.5,1.0,10000,0.041666666666666664,scenario
DeepSeek_Distillation_Cluster,166666.66666666666,0.005,0.5,1.0,100000,0.004166666666666667,scenario
DeepSeek_Distillation_Cluster,166666.66666666666,0.005,0.75,0.1,100,0.625,scenario
DeepSeek_Distillation_Cluster,166666.66666666666,0.005,0.75,0.1,1000,0.0625,scenario
DeepSeek_Distillation_Cluster,166666.66666666666,0.005,0.75,0.1,10000,0.00625,scenario
DeepSeek_Distillation_Cluster,166666.66666666666,0.005,0.75,0.1,100000,0.000625,scenario
DeepSeek_Distillation_Cluster,166666.66666666666,0.005,0.75,0.25,100,1.5624999999999998,scenario
DeepSeek_Distillation_Cluster,166666.66666666666,0.005,0.75,0.25,1000,0.15624999999999997,scenario
DeepSeek_Distillation_Cluster,166666.66666666666,0.005,0.75,0.25,10000,0.015624999999999997,scenario
DeepSeek_Distillation_Cluster,166666.66666666666,0.005,0.75,0.25,100000,0.0015624999999999997,scenario
DeepSeek_Distillation_Cluster,166666.66666666666,0.005,0.75,0.5,100,3.1249999999999996,scenario
DeepSeek_Distillation_Cluster,166666.66666666666,0.005,0.75,0.5,1000,0.31249999999999994,scenario
DeepSeek_Distillation_Cluster,166666.66666666666,0.005,0.75,0.5,10000,0.031249999999999993,scenario
DeepSeek_Distillation_Cluster,166666.66666666666,0.005,0.75,0.5,100000,0.0031249999999999993,scenario
DeepSeek_Distillation_Cluster,166666.66666666666,0.005,0.75,0.75,100,4.687499999999999,scenario
DeepSeek_Distillation_Cluster,166666.66666666666,0.005,0.75,0.75,1000,0.46874999999999994,scenario
DeepSeek_Distillation_Cluster,166666.66666666666,0.005,0.75,0.75,10000,0.04687499999999999,scenario
DeepSeek_Distillation_Cluster,166666.66666666666,0.005,0.75,0.75,100000,0.0046875,scenario
DeepSeek_Distillation_Cluster,166666.66666666666,0.005,0.75,1.0,100,6.249999999999999,scenario
DeepSeek_Distillation_Cluster,166666.66666666666,0.005,0.75,1.0,1000,0.6249999999999999,scenario
DeepSeek_Distillation_Cluster,166666.66666666666,0.005,0.75,1.0,10000,0.062499999999999986,scenario
DeepSeek_Distillation_Cluster,166666.66666666666,0.005,0.75,1.0,100000,0.006249999999999999,scenario
DeepSeek_Distillation_Cluster,166666.66666666666,0.005,1.0,0.1,100,0.8333333333333333,scenario
DeepSeek_Distillation_Cluster,166666.66666666666,0.005,1.0,0.1,1000,0.08333333333333333,scenario
DeepSeek_Distillation_Cluster,166666.66666666666,0.005,1.0,0.1,10000,0.008333333333333333,scenario
DeepSeek_Distillation_Cluster,166666.66666666666,0.005,1.0,0.1,100000,0.0008333333333333333,scenario
DeepSeek_Distillation_Cluster,166666.66666666666,0.005,1.0,0.25,100,2.083333333333333,scenario
DeepSeek_Distillation_Cluster,166666.66666666666,0.005,1.0,0.25,1000,0.20833333333333331,scenario
DeepSeek_Distillation_Cluster,166666.66666666666,0.005,1.0,0.25,10000,0.020833333333333332,scenario
DeepSeek_Distillation_Cluster,166666.66666666666,0.005,1.0,0.25,100000,0.0020833333333333333,scenario
DeepSeek_Distillation_Cluster,166666.66666666666,0.005,1.0,0.5,100,4.166666666666666,scenario
DeepSeek_Distillation_Cluster,166666.66666666666,0.005,1.0,0.5,1000,0.41666666666666663,scenario
DeepSeek_Distillation_Cluster,166666.66666666666,0.005,1.0,0.5,10000,0.041666666666666664,scenario
DeepSeek_Distillation_Cluster,166666.66666666666,0.005,1.0,0.5,100000,0.004166666666666667,scenario
DeepSeek_Distillation_Cluster,166666.66666666666,0.005,1.0,0.75,100,6.249999999999999,scenario
DeepSeek_Distillation_Cluster,166666.66666666666,0.005,1.0,0.75,1000,0.6249999999999999,scenario
DeepSeek_Distillation_Cluster,166666.66666666666,0.005,1.0,0.75,10000,0.062499999999999986,scenario
DeepSeek_Distillation_Cluster,166666.66666666666,0.005,1.0,0.75,100000,0.006249999999999999,scenario
DeepSeek_Distillation_Cluster,166666.66666666666,0.005,1.0,1.0,100,8.333333333333332,scenario
DeepSeek_Distillation_Cluster,166666.66666666666,0.005,1.0,1.0,1000,0.8333333333333333,scenario
DeepSeek_Distillation_Cluster,166666.66666666666,0.005,1.0,1.0,10000,0.08333333333333333,scenario
DeepSeek_Distillation_Cluster,166666.66666666666,0.005,1.0,1.0,100000,0.008333333333333333,scenario
DeepSeek_Distillation_Cluster,166666.66666666666,0.01,0.1,0.1,100,0.16666666666666669,scenario
DeepSeek_Distillation_Cluster,166666.66666666666,0.01,0.1,0.1,1000,0.016666666666666666,scenario
DeepSeek_Distillation_Cluster,166666.66666666666,0.01,0.1,0.1,10000,0.0016666666666666668,scenario
DeepSeek_Distillation_Cluster,166666.66666666666,0.01,0.1,0.1,100000,0.0001666666666666667,scenario
DeepSeek_Distillation_Cluster,166666.66666666666,0.01,0.1,0.25,100,0.41666666666666663,scenario
DeepSeek_Distillation_Cluster,166666.66666666666,0.01,0.1,0.25,1000,0.041666666666666664,scenario
DeepSeek_Distillation_Cluster,166666.66666666666,0.01,0.1,0.25,10000,0.004166666666666667,scenario
DeepSeek_Distillation_Cluster,166666.66666666666,0.01,0.1,0.25,100000,0.00041666666666666664,scenario
DeepSeek_Distillation_Cluster,166666.66666666666,0.01,0.1,0.5,100,0.8333333333333333,scenario
DeepSeek_Distillation_Cluster,166666.66666666666,0.01,0.1,0.5,1000,0.08333333333333333,scenario
DeepSeek_Distillation_Cluster,166666.66666666666,0.01,0.1,0.5,10000,0.008333333333333333,scenario
DeepSeek_Distillation_Cluster,166666.66666666666,0.01,0.1,0.5,100000,0.0008333333333333333,scenario
DeepSeek_Distillation_Cluster,166666.66666666666,0.01,0.1,0.75,100,1.25,scenario
DeepSeek_Distillation_Cluster,166666.66666666666,0.01,0.1,0.75,1000,0.125,scenario
DeepSeek_Distillation_Cluster,166666.66666666666,0.01,0.1,0.75,10000,0.0125,scenario
DeepSeek_Distillation_Cluster,166666.66666666666,0.01,0.1,0.75,100000,0.00125,scenario
DeepSeek_Distillation_Cluster,166666.66666666666,0.01,0.1,1.0,100,1.6666666666666665,scenario
DeepSeek_Distillation_Cluster,166666.66666666666,0.01,0.1,1.0,1000,0.16666666666666666,scenario
DeepSeek_Distillation_Cluster,166666.66666666666,0.01,0.1,1.0,10000,0.016666666666666666,scenario
DeepSeek_Distillation_Cluster,166666.66666666666,0.01,0.1,1.0,100000,0.0016666666666666666,scenario
DeepSeek_Distillation_Cluster,166666.66666666666,0.01,0.25,0.1,100,0.41666666666666663,scenario
DeepSeek_Distillation_Cluster,166666.66666666666,0.01,0.25,0.1,1000,0.041666666666666664,scenario
DeepSeek_Distillation_Cluster,166666.66666666666,0.01,0.25,0.1,10000,0.004166666666666667,scenario
DeepSeek_Distillation_Cluster,166666.66666666666,0.01,0.25,0.1,100000,0.00041666666666666664,scenario
DeepSeek_Distillation_Cluster,166666.66666666666,0.01,0.25,0.25,100,1.0416666666666665,scenario
DeepSeek_Distillation_Cluster,166666.66666666666,0.01,0.25,0.25,1000,0.10416666666666666,scenario
DeepSeek_Distillation_Cluster,166666.66666666666,0.01,0.25,0.25,10000,0.010416666666666666,scenario
DeepSeek_Distillation_Cluster,166666.66666666666,0.01,0.25,0.25,100000,0.0010416666666666667,scenario
DeepSeek_Distillation_Cluster,166666.66666666666,0.01,0.25,0.5,100,2.083333333333333,scenario
DeepSeek_Distillation_Cluster,166666.66666666666,0.01,0.25,0.5,1000,0.20833333333333331,scenario
DeepSeek_Distillation_Cluster,166666.66666666666,0.01,0.25,0.5,10000,0.020833333333333332,scenario
DeepSeek_Distillation_Cluster,166666.66666666666,0.01,0.25,0.5,100000,0.0020833333333333333,scenario
DeepSeek_Distillation_Cluster,166666.66666666666,0.01,0.25,0.75,100,3.1249999999999996,scenario
DeepSeek_Distillation_Cluster,166666.66666666666,0.01,0.25,0.75,1000,0.31249999999999994,scenario
DeepSeek_Distillation_Cluster,166666.66666666666,0.01,0.25,0.75,10000,0.031249999999999993,scenario
DeepSeek_Distillation_Cluster,166666.66666666666,0.01,0.25,0.75,100000,0.0031249999999999993,scenario
DeepSeek_Distillation_Cluster,166666.66666666666,0.01,0.25,1.0,100,4.166666666666666,scenario
DeepSeek_Distillation_Cluster,166666.66666666666,0.01,0.25,1.0,1000,0.41666666666666663,scenario
DeepSeek_Distillation_Cluster,166666.66666666666,0.01,0.25,1.0,10000,0.041666666666666664,scenario
DeepSeek_Distillation_Cluster,166666.66666666666,0.01,0.25,1.0,100000,0.004166666666666667,scenario
DeepSeek_Distillation_Cluster,166666.66666666666,0.01,0.5,0.1,100,0.8333333333333333,scenario
DeepSeek_Distillation_Cluster,166666.66666666666,0.01,0.5,0.1,1000,0.08333333333333333,scenario
DeepSeek_Distillation_Cluster,166666.66666666666,0.01,0.5,0.1,10000,0.008333333333333333,scenario
DeepSeek_Distillation_Cluster,166666.66666666666,0.01,0.5,0.1,100000,0.0008333333333333333,scenario
DeepSeek_Distillation_Cluster,166666.66666666666,0.01,0.5,0.25,100,2.083333333333333,scenario
DeepSeek_Distillation_Cluster,166666.66666666666,0.01,0.5,0.25,1000,0.20833333333333331,scenario
DeepSeek_Distillation_Cluster,166666.66666666666,0.01,0.5,0.25,10000,0.020833333333333332,scenario
DeepSeek_Distillation_Cluster,166666.66666666666,0.01,0.5,0.25,100000,0.0020833333333333333,scenario
DeepSeek_Distillation_Cluster,166666.66666666666,0.01,0.5,0.5,100,4.166666666666666,scenario
DeepSeek_Distillation_Cluster,166666.66666666666,0.01,0.5,0.5,1000,0.41666666666666663,scenario
DeepSeek_Distillation_Cluster,166666.66666666666,0.01,0.5,0.5,10000,0.041666666666666664,scenario
DeepSeek_Distillation_Cluster,166666.66666666666,0.01,0.5,0.5,100000,0.004166666666666667,scenario
DeepSeek_Distillation_Cluster,166666.66666666666,0.01,0.5,0.75,100,6.249999999999999,scenario
DeepSeek_Distillation_Cluster,166666.66666666666,0.01,0.5,0.75,1000,0.6249999999999999,scenario
DeepSeek_Distillation_Cluster,166666.66666666666,0.01,0.5,0.75,10000,0.062499999999999986,scenario
DeepSeek_Distillation_Cluster,166666.66666666666,0.01,0.5,0.75,100000,0.006249999999999999,scenario
DeepSeek_Distillation_Cluster,166666.66666666666,0.01,0.5,1.0,100,8.333333333333332,scenario
DeepSeek_Distillation_Cluster,166666.66666666666,0.01,0.5,1.0,1000,0.8333333333333333,scenario
DeepSeek_Distillation_Cluster,166666.66666666666,0.01,0.5,1.0,10000,0.08333333333333333,scenario
DeepSeek_Distillation_Cluster,166666.66666666666,0.01,0.5,1.0,100000,0.008333333333333333,scenario
DeepSeek_Distillation_Cluster,166666.66666666666,0.01,0.75,0.1,100,1.25,scenario
DeepSeek_Distillation_Cluster,166666.66666666666,0.01,0.75,0.1,1000,0.125,scenario
DeepSeek_Distillation_Cluster,166666.66666666666,0.01,0.75,0.1,10000,0.0125,scenario
DeepSeek_Distillation_Cluster,166666.66666666666,0.01,0.75,0.1,100000,0.00125,scenario
DeepSeek_Distillation_Cluster,166666.66666666666,0.01,0.75,0.25,100,3.1249999999999996,scenario
DeepSeek_Distillation_Cluster,166666.66666666666,0.01,0.75,0.25,1000,0.31249999999999994,scenario
DeepSeek_Distillation_Cluster,166666.66666666666,0.01,0.75,0.25,10000,0.031249999999999993,scenario
DeepSeek_Distillation_Cluster,166666.66666666666,0.01,0.75,0.25,100000,0.0031249999999999993,scenario
DeepSeek_Distillation_Cluster,166666.66666666666,0.01,0.75,0.5,100,6.249999999999999,scenario
DeepSeek_Distillation_Cluster,166666.66666666666,0.01,0.75,0.5,1000,0.6249999999999999,scenario
DeepSeek_Distillation_Cluster,166666.66666666666,0.01,0.75,0.5,10000,0.062499999999999986,scenario
DeepSeek_Distillation_Cluster,166666.66666666666,0.01,0.75,0.5,100000,0.006249999999999999,scenario
DeepSeek_Distillation_Cluster,166666.66666666666,0.01,0.75,0.75,100,9.374999999999998,scenario
DeepSeek_Distillation_Cluster,166666.66666666666,0.01,0.75,0.75,1000,0.9374999999999999,scenario
DeepSeek_Distillation_Cluster,166666.66666666666,0.01,0.75,0.75,10000,0.09374999999999999,scenario
DeepSeek_Distillation_Cluster,166666.66666666666,0.01,0.75,0.75,100000,0.009375,scenario
DeepSeek_Distillation_Cluster,166666.66666666666,0.01,0.75,1.0,100,12.499999999999998,scenario
DeepSeek_Distillation_Cluster,166666.66666666666,0.01,0.75,1.0,1000,1.2499999999999998,scenario
DeepSeek_Distillation_Cluster,166666.66666666666,0.01,0.75,1.0,10000,0.12499999999999997,scenario
DeepSeek_Distillation_Cluster,166666.66666666666,0.01,0.75,1.0,100000,0.012499999999999997,scenario
DeepSeek_Distillation_Cluster,166666.66666666666,0.01,1.0,0.1,100,1.6666666666666665,scenario
DeepSeek_Distillation_Cluster,166666.66666666666,0.01,1.0,0.1,1000,0.16666666666666666,scenario
DeepSeek_Distillation_Cluster,166666.66666666666,0.01,1.0,0.1,10000,0.016666666666666666,scenario
DeepSeek_Distillation_Cluster,166666.66666666666,0.01,1.0,0.1,100000,0.0016666666666666666,scenario
DeepSeek_Distillation_Cluster,166666.66666666666,0.01,1.0,0.25,100,4.166666666666666,scenario
DeepSeek_Distillation_Cluster,166666.66666666666,0.01,1.0,0.25,1000,0.41666666666666663,scenario
DeepSeek_Distillation_Cluster,166666.66666666666,0.01,1.0,0.25,10000,0.041666666666666664,scenario
DeepSeek_Distillation_Cluster,166666.66666666666,0.01,1.0,0.25,100000,0.004166666666666667,scenario
DeepSeek_Distillation_Cluster,166666.66666666666,0.01,1.0,0.5,100,8.333333333333332,scenario
DeepSeek_Distillation_Cluster,166666.66666666666,0.01,1.0,0.5,1000,0.8333333333333333,scenario
DeepSeek_Distillation_Cluster,166666.66666666666,0.01,1.0,0.5,10000,0.08333333333333333,scenario
DeepSeek_Distillation_Cluster,166666.66666666666,0.01,1.0,0.5,100000,0.008333333333333333,scenario
DeepSeek_Distillation_Cluster,166666.66666666666,0.01,1.0,0.75,100,12.499999999999998,scenario
DeepSeek_Distillation_Cluster,166666.66666666666,0.01,1.0,0.75,1000,1.2499999999999998,scenario
DeepSeek_Distillation_Cluster,166666.66666666666,0.01,1.0,0.75,10000,0.12499999999999997,scenario
DeepSeek_Distillation_Cluster,166666.66666666666,0.01,1.0,0.75,100000,0.012499999999999997,scenario
DeepSeek_Distillation_Cluster,166666.66666666666,0.01,1.0,1.0,100,16.666666666666664,scenario
DeepSeek_Distillation_Cluster,166666.66666666666,0.01,1.0,1.0,1000,1.6666666666666665,scenario
DeepSeek_Distillation_Cluster,166666.66666666666,0.01,1.0,1.0,10000,0.16666666666666666,scenario
DeepSeek_Distillation_Cluster,166666.66666666666,0.01,1.0,1.0,100000,0.016666666666666666,scenario
DeepSeek_Distillation_Cluster,166666.66666666666,0.05,0.1,0.1,100,0.8333333333333335,scenario
DeepSeek_Distillation_Cluster,166666.66666666666,0.05,0.1,0.1,1000,0.08333333333333334,scenario
DeepSeek_Distillation_Cluster,166666.66666666666,0.05,0.1,0.1,10000,0.008333333333333335,scenario
DeepSeek_Distillation_Cluster,166666.66666666666,0.05,0.1,0.1,100000,0.0008333333333333334,scenario
DeepSeek_Distillation_Cluster,166666.66666666666,0.05,0.1,0.25,100,2.083333333333334,scenario
DeepSeek_Distillation_Cluster,166666.66666666666,0.05,0.1,0.25,1000,0.20833333333333337,scenario
DeepSeek_Distillation_Cluster,166666.66666666666,0.05,0.1,0.25,10000,0.020833333333333336,scenario
DeepSeek_Distillation_Cluster,166666.66666666666,0.05,0.1,0.25,100000,0.0020833333333333337,scenario
DeepSeek_Distillation_Cluster,166666.66666666666,0.05,0.1,0.5,100,4.166666666666668,scenario
DeepSeek_Distillation_Cluster,166666.66666666666,0.05,0.1,0.5,1000,0.41666666666666674,scenario
DeepSeek_Distillation_Cluster,166666.66666666666,0.05,0.1,0.5,10000,0.04166666666666667,scenario
DeepSeek_Distillation_Cluster,166666.66666666666,0.05,0.1,0.5,100000,0.0041666666666666675,scenario
DeepSeek_Distillation_Cluster,166666.66666666666,0.05,0.1,0.75,100,6.250000000000001,scenario
DeepSeek_Distillation_Cluster,166666.66666666666,0.05,0.1,0.75,1000,0.6250000000000001,scenario
DeepSeek_Distillation_Cluster,166666.66666666666,0.05,0.1,0.75,10000,0.06250000000000001,scenario
DeepSeek_Distillation_Cluster,166666.66666666666,0.05,0.1,0.75,100000,0.006250000000000001,scenario
DeepSeek_Distillation_Cluster,166666.66666666666,0.05,0.1,1.0,100,8.333333333333336,scenario
DeepSeek_Distillation_Cluster,166666.66666666666,0.05,0.1,1.0,1000,0.8333333333333335,scenario
DeepSeek_Distillation_Cluster,166666.66666666666,0.05,0.1,1.0,10000,0.08333333333333334,scenario
DeepSeek_Distillation_Cluster,166666.66666666666,0.05,0.1,1.0,100000,0.008333333333333335,scenario
DeepSeek_Distillation_Cluster,166666.66666666666,0.05,0.25,0.1,100,2.083333333333334,scenario
DeepSeek_Distillation_Cluster,166666.66666666666,0.05,0.25,0.1,1000,0.20833333333333337,scenario
DeepSeek_Distillation_Cluster,166666.66666666666,0.05,0.25,0.1,10000,0.020833333333333336,scenario
DeepSeek_Distillation_Cluster,166666.66666666666,0.05,0.25,0.1,100000,0.0020833333333333337,scenario
DeepSeek_Distillation_Cluster,166666.66666666666,0.05,0.25,0.25,100,5.208333333333334,scenario
DeepSeek_Distillation_Cluster,166666.66666666666,0.05,0.25,0.25,1000,0.5208333333333334,scenario
DeepSeek_Distillation_Cluster,166666.66666666666,0.05,0.25,0.25,10000,0.052083333333333336,scenario
DeepSeek_Distillation_Cluster,166666.66666666666,0.05,0.25,0.25,100000,0.005208333333333334,scenario
DeepSeek_Distillation_Cluster,166666.66666666666,0.05,0.25,0.5,100,10.416666666666668,scenario
DeepSeek_Distillation_Cluster,166666.66666666666,0.05,0.25,0.5,1000,1.0416666666666667,scenario
DeepSeek_Distillation_Cluster,166666.66666666666,0.05,0.25,0.5,10000,0.10416666666666667,scenario
DeepSeek_Distillation_Cluster,166666.66666666666,0.05,0.25,0.5,100000,0.010416666666666668,scenario
DeepSeek_Distillation_Cluster,166666.66666666666,0.05,0.25,0.75,100,15.625000000000002,scenario
DeepSeek_Distillation_Cluster,166666.66666666666,0.05,0.25,0.75,1000,1.5625000000000002,scenario
DeepSeek_Distillation_Cluster,166666.66666666666,0.05,0.25,0.75,10000,0.15625000000000003,scenario
DeepSeek_Distillation_Cluster,166666.66666666666,0.05,0.25,0.75,100000,0.015625000000000003,scenario
DeepSeek_Distillation_Cluster,166666.66666666666,0.05,0.25,1.0,100,20.833333333333336,scenario
DeepSeek_Distillation_Cluster,166666.66666666666,0.05,0.25,1.0,1000,2.0833333333333335,scenario
DeepSeek_Distillation_Cluster,166666.66666666666,0.05,0.25,1.0,10000,0.20833333333333334,scenario
DeepSeek_Distillation_Cluster,166666.66666666666,0.05,0.25,1.0,100000,0.020833333333333336,scenario
DeepSeek_Distillation_Cluster,166666.66666666666,0.05,0.5,0.1,100,4.166666666666668,scenario
DeepSeek_Distillation_Cluster,166666.66666666666,0.05,0.5,0.1,1000,0.41666666666666674,scenario
DeepSeek_Distillation_Cluster,166666.66666666666,0.05,0.5,0.1,10000,0.04166666666666667,scenario
DeepSeek_Distillation_Cluster,166666.66666666666,0.05,0.5,0.1,100000,0.0041666666666666675,scenario
DeepSeek_Distillation_Cluster,166666.66666666666,0.05,0.5,0.25,100,10.416666666666668,scenario
DeepSeek_Distillation_Cluster,166666.66666666666,0.05,0.5,0.25,1000,1.0416666666666667,scenario
DeepSeek_Distillation_Cluster,166666.66666666666,0.05,0.5,0.25,10000,0.10416666666666667,scenario
DeepSeek_Distillation_Cluster,166666.66666666666,0.05,0.5,0.25,100000,0.010416666666666668,scenario
DeepSeek_Distillation_Cluster,166666.66666666666,0.05,0.5,0.5,100,20.833333333333336,scenario
DeepSeek_Distillation_Cluster,166666.66666666666,0.05,0.5,0.5,1000,2.0833333333333335,scenario
DeepSeek_Distillation_Cluster,166666.66666666666,0.05,0.5,0.5,10000,0.20833333333333334,scenario
DeepSeek_Distillation_Cluster,166666.66666666666,0.05,0.5,0.5,100000,0.020833333333333336,scenario
DeepSeek_Distillation_Cluster,166666.66666666666,0.05,0.5,0.75,100,31.250000000000004,scenario
DeepSeek_Distillation_Cluster,166666.66666666666,0.05,0.5,0.75,1000,3.1250000000000004,scenario
DeepSeek_Distillation_Cluster,166666.66666666666,0.05,0.5,0.75,10000,0.31250000000000006,scenario
DeepSeek_Distillation_Cluster,166666.66666666666,0.05,0.5,0.75,100000,0.03125000000000001,scenario
DeepSeek_Distillation_Cluster,166666.66666666666,0.05,0.5,1.0,100,41.66666666666667,scenario
DeepSeek_Distillation_Cluster,166666.66666666666,0.05,0.5,1.0,1000,4.166666666666667,scenario
DeepSeek_Distillation_Cluster,166666.66666666666,0.05,0.5,1.0,10000,0.4166666666666667,scenario
DeepSeek_Distillation_Cluster,166666.66666666666,0.05,0.5,1.0,100000,0.04166666666666667,scenario
DeepSeek_Distillation_Cluster,166666.66666666666,0.05,0.75,0.1,100,6.250000000000001,scenario
DeepSeek_Distillation_Cluster,166666.66666666666,0.05,0.75,0.1,1000,0.6250000000000001,scenario
DeepSeek_Distillation_Cluster,166666.66666666666,0.05,0.75,0.1,10000,0.06250000000000001,scenario
DeepSeek_Distillation_Cluster,166666.66666666666,0.05,0.75,0.1,100000,0.006250000000000001,scenario
DeepSeek_Distillation_Cluster,166666.66666666666,0.05,0.75,0.25,100,15.625000000000002,scenario
DeepSeek_Distillation_Cluster,166666.66666666666,0.05,0.75,0.25,1000,1.5625000000000002,scenario
DeepSeek_Distillation_Cluster,166666.66666666666,0.05,0.75,0.25,10000,0.15625000000000003,scenario
DeepSeek_Distillation_Cluster,166666.66666666666,0.05,0.75,0.25,100000,0.015625000000000003,scenario
DeepSeek_Distillation_Cluster,166666.66666666666,0.05,0.75,0.5,100,31.250000000000004,scenario
DeepSeek_Distillation_Cluster,166666.66666666666,0.05,0.75,0.5,1000,3.1250000000000004,scenario
DeepSeek_Distillation_Cluster,166666.66666666666,0.05,0.75,0.5,10000,0.31250000000000006,scenario
DeepSeek_Distillation_Cluster,166666.66666666666,0.05,0.75,0.5,100000,0.03125000000000001,scenario
DeepSeek_Distillation_Cluster,166666.66666666666,0.05,0.75,0.75,100,46.875,scenario
DeepSeek_Distillation_Cluster,166666.66666666666,0.05,0.75,0.75,1000,4.6875,scenario
DeepSeek_Distillation_Cluster,166666.66666666666,0.05,0.75,0.75,10000,0.46875,scenario
DeepSeek_Distillation_Cluster,166666.66666666666,0.05,0.75,0.75,100000,0.046875,scenario
DeepSeek_Distillation_Cluster,166666.66666666666,0.05,0.75,1.0,100,62.50000000000001,scenario
DeepSeek_Distillation_Cluster,166666.66666666666,0.05,0.75,1.0,1000,6.250000000000001,scenario
DeepSeek_Distillation_Cluster,166666.66666666666,0.05,0.75,1.0,10000,0.6250000000000001,scenario
DeepSeek_Distillation_Cluster,166666.66666666666,0.05,0.75,1.0,100000,0.06250000000000001,scenario
DeepSeek_Distillation_Cluster,166666.66666666666,0.05,1.0,0.1,100,8.333333333333336,scenario
DeepSeek_Distillation_Cluster,166666.66666666666,0.05,1.0,0.1,1000,0.8333333333333335,scenario
DeepSeek_Distillation_Cluster,166666.66666666666,0.05,1.0,0.1,10000,0.08333333333333334,scenario
DeepSeek_Distillation_Cluster,166666.66666666666,0.05,1.0,0.1,100000,0.008333333333333335,scenario
DeepSeek_Distillation_Cluster,166666.66666666666,0.05,1.0,0.25,100,20.833333333333336,scenario
DeepSeek_Distillation_Cluster,166666.66666666666,0.05,1.0,0.25,1000,2.0833333333333335,scenario
DeepSeek_Distillation_Cluster,166666.66666666666,0.05,1.0,0.25,10000,0.20833333333333334,scenario
DeepSeek_Distillation_Cluster,166666.66666666666,0.05,1.0,0.25,100000,0.020833333333333336,scenario
DeepSeek_Distillation_Cluster,166666.66666666666,0.05,1.0,0.5,100,41.66666666666667,scenario
DeepSeek_Distillation_Cluster,166666.66666666666,0.05,1.0,0.5,1000,4.166666666666667,scenario
DeepSeek_Distillation_Cluster,166666.66666666666,0.05,1.0,0.5,10000,0.4166666666666667,scenario
DeepSeek_Distillation_Cluster,166666.66666666666,0.05,1.0,0.5,100000,0.04166666666666667,scenario
DeepSeek_Distillation_Cluster,166666.66666666666,0.05,1.0,0.75,100,62.50000000000001,scenario
DeepSeek_Distillation_Cluster,166666.66666666666,0.05,1.0,0.75,1000,6.250000000000001,scenario
DeepSeek_Distillation_Cluster,166666.66666666666,0.05,1.0,0.75,10000,0.6250000000000001,scenario
DeepSeek_Distillation_Cluster,166666.66666666666,0.05,1.0,0.75,100000,0.06250000000000001,scenario
DeepSeek_Distillation_Cluster,166666.66666666666,0.05,1.0,1.0,100,83.33333333333334,scenario
DeepSeek_Distillation_Cluster,166666.66666666666,0.05,1.0,1.0,1000,8.333333333333334,scenario
DeepSeek_Distillation_Cluster,166666.66666666666,0.05,1.0,1.0,10000,0.8333333333333334,scenario
DeepSeek_Distillation_Cluster,166666.66666666666,0.05,1.0,1.0,100000,0.08333333333333334,scenario
DeepSeek_Distillation_Cluster,166666.66666666666,0.1,0.1,0.1,100,1.666666666666667,scenario
DeepSeek_Distillation_Cluster,166666.66666666666,0.1,0.1,0.1,1000,0.16666666666666669,scenario
DeepSeek_Distillation_Cluster,166666.66666666666,0.1,0.1,0.1,10000,0.01666666666666667,scenario
DeepSeek_Distillation_Cluster,166666.66666666666,0.1,0.1,0.1,100000,0.0016666666666666668,scenario
DeepSeek_Distillation_Cluster,166666.66666666666,0.1,0.1,0.25,100,4.166666666666668,scenario
DeepSeek_Distillation_Cluster,166666.66666666666,0.1,0.1,0.25,1000,0.41666666666666674,scenario
DeepSeek_Distillation_Cluster,166666.66666666666,0.1,0.1,0.25,10000,0.04166666666666667,scenario
DeepSeek_Distillation_Cluster,166666.66666666666,0.1,0.1,0.25,100000,0.0041666666666666675,scenario
DeepSeek_Distillation_Cluster,166666.66666666666,0.1,0.1,0.5,100,8.333333333333336,scenario
DeepSeek_Distillation_Cluster,166666.66666666666,0.1,0.1,0.5,1000,0.8333333333333335,scenario
DeepSeek_Distillation_Cluster,166666.66666666666,0.1,0.1,0.5,10000,0.08333333333333334,scenario
DeepSeek_Distillation_Cluster,166666.66666666666,0.1,0.1,0.5,100000,0.008333333333333335,scenario
DeepSeek_Distillation_Cluster,166666.66666666666,0.1,0.1,0.75,100,12.500000000000002,scenario
DeepSeek_Distillation_Cluster,166666.66666666666,0.1,0.1,0.75,1000,1.2500000000000002,scenario
DeepSeek_Distillation_Cluster,166666.66666666666,0.1,0.1,0.75,10000,0.12500000000000003,scenario
DeepSeek_Distillation_Cluster,166666.66666666666,0.1,0.1,0.75,100000,0.012500000000000002,scenario
DeepSeek_Distillation_Cluster,166666.66666666666,0.1,0.1,1.0,100,16.66666666666667,scenario
DeepSeek_Distillation_Cluster,166666.66666666666,0.1,0.1,1.0,1000,1.666666666666667,scenario
DeepSeek_Distillation_Cluster,166666.66666666666,0.1,0.1,1.0,10000,0.16666666666666669,scenario
DeepSeek_Distillation_Cluster,166666.66666666666,0.1,0.1,1.0,100000,0.01666666666666667,scenario
DeepSeek_Distillation_Cluster,166666.66666666666,0.1,0.25,0.1,100,4.166666666666668,scenario
DeepSeek_Distillation_Cluster,166666.66666666666,0.1,0.25,0.1,1000,0.41666666666666674,scenario
DeepSeek_Distillation_Cluster,166666.66666666666,0.1,0.25,0.1,10000,0.04166666666666667,scenario
DeepSeek_Distillation_Cluster,166666.66666666666,0.1,0.25,0.1,100000,0.0041666666666666675,scenario
DeepSeek_Distillation_Cluster,166666.66666666666,0.1,0.25,0.25,100,10.416666666666668,scenario
DeepSeek_Distillation_Cluster,166666.66666666666,0.1,0.25,0.25,1000,1.0416666666666667,scenario
DeepSeek_Distillation_Cluster,166666.66666666666,0.1,0.25,0.25,10000,0.10416666666666667,scenario
DeepSeek_Distillation_Cluster,166666.66666666666,0.1,0.25,0.25,100000,0.010416666666666668,scenario
DeepSeek_Distillation_Cluster,166666.66666666666,0.1,0.25,0.5,100,20.833333333333336,scenario
DeepSeek_Distillation_Cluster,166666.66666666666,0.1,0.25,0.5,1000,2.0833333333333335,scenario
DeepSeek_Distillation_Cluster,166666.66666666666,0.1,0.25,0.5,10000,0.20833333333333334,scenario
DeepSeek_Distillation_Cluster,166666.66666666666,0.1,0.25,0.5,100000,0.020833333333333336,scenario
DeepSeek_Distillation_Cluster,166666.66666666666,0.1,0.25,0.75,100,31.250000000000004,scenario
DeepSeek_Distillation_Cluster,166666.66666666666,0.1,0.25,0.75,1000,3.1250000000000004,scenario
DeepSeek_Distillation_Cluster,166666.66666666666,0.1,0.25,0.75,10000,0.31250000000000006,scenario
DeepSeek_Distillation_Cluster,166666.66666666666,0.1,0.25,0.75,100000,0.03125000000000001,scenario
DeepSeek_Distillation_Cluster,166666.66666666666,0.1,0.25,1.0,100,41.66666666666667,scenario
DeepSeek_Distillation_Cluster,166666.66666666666,0.1,0.25,1.0,1000,4.166666666666667,scenario
DeepSeek_Distillation_Cluster,166666.66666666666,0.1,0.25,1.0,10000,0.4166666666666667,scenario
DeepSeek_Distillation_Cluster,166666.66666666666,0.1,0.25,1.0,100000,0.04166666666666667,scenario
DeepSeek_Distillation_Cluster,166666.66666666666,0.1,0.5,0.1,100,8.333333333333336,scenario
DeepSeek_Distillation_Cluster,166666.66666666666,0.1,0.5,0.1,1000,0.8333333333333335,scenario
DeepSeek_Distillation_Cluster,166666.66666666666,0.1,0.5,0.1,10000,0.08333333333333334,scenario
DeepSeek_Distillation_Cluster,166666.66666666666,0.1,0.5,0.1,100000,0.008333333333333335,scenario
DeepSeek_Distillation_Cluster,166666.66666666666,0.1,0.5,0.25,100,20.833333333333336,scenario
DeepSeek_Distillation_Cluster,166666.66666666666,0.1,0.5,0.25,1000,2.0833333333333335,scenario
DeepSeek_Distillation_Cluster,166666.66666666666,0.1,0.5,0.25,10000,0.20833333333333334,scenario
DeepSeek_Distillation_Cluster,166666.66666666666,0.1,0.5,0.25,100000,0.020833333333333336,scenario
DeepSeek_Distillation_Cluster,166666.66666666666,0.1,0.5,0.5,100,41.66666666666667,scenario
DeepSeek_Distillation_Cluster,166666.66666666666,0.1,0.5,0.5,1000,4.166666666666667,scenario
DeepSeek_Distillation_Cluster,166666.66666666666,0.1,0.5,0.5,10000,0.4166666666666667,scenario
DeepSeek_Distillation_Cluster,166666.66666666666,0.1,0.5,0.5,100000,0.04166666666666667,scenario
DeepSeek_Distillation_Cluster,166666.66666666666,0.1,0.5,0.75,100,62.50000000000001,scenario
DeepSeek_Distillation_Cluster,166666.66666666666,0.1,0.5,0.75,1000,6.250000000000001,scenario
DeepSeek_Distillation_Cluster,166666.66666666666,0.1,0.5,0.75,10000,0.6250000000000001,scenario
DeepSeek_Distillation_Cluster,166666.66666666666,0.1,0.5,0.75,100000,0.06250000000000001,scenario
DeepSeek_Distillation_Cluster,166666.66666666666,0.1,0.5,1.0,100,83.33333333333334,scenario
DeepSeek_Distillation_Cluster,166666.66666666666,0.1,0.5,1.0,1000,8.333333333333334,scenario
DeepSeek_Distillation_Cluster,166666.66666666666,0.1,0.5,1.0,10000,0.8333333333333334,scenario
DeepSeek_Distillation_Cluster,166666.66666666666,0.1,0.5,1.0,100000,0.08333333333333334,scenario
DeepSeek_Distillation_Cluster,166666.66666666666,0.1,0.75,0.1,100,12.500000000000002,scenario
DeepSeek_Distillation_Cluster,166666.66666666666,0.1,0.75,0.1,1000,1.2500000000000002,scenario
DeepSeek_Distillation_Cluster,166666.66666666666,0.1,0.75,0.1,10000,0.12500000000000003,scenario
DeepSeek_Distillation_Cluster,166666.66666666666,0.1,0.75,0.1,100000,0.012500000000000002,scenario
DeepSeek_Distillation_Cluster,166666.66666666666,0.1,0.75,0.25,100,31.250000000000004,scenario
DeepSeek_Distillation_Cluster,166666.66666666666,0.1,0.75,0.25,1000,3.1250000000000004,scenario
DeepSeek_Distillation_Cluster,166666.66666666666,0.1,0.75,0.25,10000,0.31250000000000006,scenario
DeepSeek_Distillation_Cluster,166666.66666666666,0.1,0.75,0.25,100000,0.03125000000000001,scenario
DeepSeek_Distillation_Cluster,166666.66666666666,0.1,0.75,0.5,100,62.50000000000001,scenario
DeepSeek_Distillation_Cluster,166666.66666666666,0.1,0.75,0.5,1000,6.250000000000001,scenario
DeepSeek_Distillation_Cluster,166666.66666666666,0.1,0.75,0.5,10000,0.6250000000000001,scenario
DeepSeek_Distillation_Cluster,166666.66666666666,0.1,0.75,0.5,100000,0.06250000000000001,scenario
DeepSeek_Distillation_Cluster,166666.66666666666,0.1,0.75,0.75,100,93.75,scenario
DeepSeek_Distillation_Cluster,166666.66666666666,0.1,0.75,0.75,1000,9.375,scenario
DeepSeek_Distillation_Cluster,166666.66666666666,0.1,0.75,0.75,10000,0.9375,scenario
DeepSeek_Distillation_Cluster,166666.66666666666,0.1,0.75,0.75,100000,0.09375,scenario
DeepSeek_Distillation_Cluster,166666.66666666666,0.1,0.75,1.0,100,125.00000000000001,scenario
DeepSeek_Distillation_Cluster,166666.66666666666,0.1,0.75,1.0,1000,12.500000000000002,scenario
DeepSeek_Distillation_Cluster,166666.66666666666,0.1,0.75,1.0,10000,1.2500000000000002,scenario
DeepSeek_Distillation_Cluster,166666.66666666666,0.1,0.75,1.0,100000,0.12500000000000003,scenario
DeepSeek_Distillation_Cluster,166666.66666666666,0.1,1.0,0.1,100,16.66666666666667,scenario
DeepSeek_Distillation_Cluster,166666.66666666666,0.1,1.0,0.1,1000,1.666666666666667,scenario
DeepSeek_Distillation_Cluster,166666.66666666666,0.1,1.0,0.1,10000,0.16666666666666669,scenario
DeepSeek_Distillation_Cluster,166666.66666666666,0.1,1.0,0.1,100000,0.01666666666666667,scenario
DeepSeek_Distillation_Cluster,166666.66666666666,0.1,1.0,0.25,100,41.66666666666667,scenario
DeepSeek_Distillation_Cluster,166666.66666666666,0.1,1.0,0.25,1000,4.166666666666667,scenario
DeepSeek_Distillation_Cluster,166666.66666666666,0.1,1.0,0.25,10000,0.4166666666666667,scenario
DeepSeek_Distillation_Cluster,166666.66666666666,0.1,1.0,0.25,100000,0.04166666666666667,scenario
DeepSeek_Distillation_Cluster,166666.66666666666,0.1,1.0,0.5,100,83.33333333333334,scenario
DeepSeek_Distillation_Cluster,166666.66666666666,0.1,1.0,0.5,1000,8.333333333333334,scenario
DeepSeek_Distillation_Cluster,166666.66666666666,0.1,1.0,0.5,10000,0.8333333333333334,scenario
DeepSeek_Distillation_Cluster,166666.66666666666,0.1,1.0,0.5,100000,0.08333333333333334,scenario
DeepSeek_Distillation_Cluster,166666.66666666666,0.1,1.0,0.75,100,125.00000000000001,scenario
DeepSeek_Distillation_Cluster,166666.66666666666,0.1,1.0,0.75,1000,12.500000000000002,scenario
DeepSeek_Distillation_Cluster,166666.66666666666,0.1,1.0,0.75,10000,1.2500000000000002,scenario
DeepSeek_Distillation_Cluster,166666.66666666666,0.1,1.0,0.75,100000,0.12500000000000003,scenario
DeepSeek_Distillation_Cluster,166666.66666666666,0.1,1.0,1.0,100,166.66666666666669,scenario
DeepSeek_Distillation_Cluster,166666.66666666666,0.1,1.0,1.0,1000,16.666666666666668,scenario
DeepSeek_Distillation_Cluster,166666.66666666666,0.1,1.0,1.0,10000,1.6666666666666667,scenario
DeepSeek_Distillation_Cluster,166666.66666666666,0.1,1.0,1.0,100000,0.16666666666666669,scenario
Targeted_Agentic_Distillation_Cluster,100000.0,0.001,0.1,0.1,100,0.01,scenario
Targeted_Agentic_Distillation_Cluster,100000.0,0.001,0.1,0.1,1000,0.001,scenario
Targeted_Agentic_Distillation_Cluster,100000.0,0.001,0.1,0.1,10000,0.0001,scenario
Targeted_Agentic_Distillation_Cluster,100000.0,0.001,0.1,0.1,100000,1e-05,scenario
Targeted_Agentic_Distillation_Cluster,100000.0,0.001,0.1,0.25,100,0.025,scenario
Targeted_Agentic_Distillation_Cluster,100000.0,0.001,0.1,0.25,1000,0.0025,scenario
Targeted_Agentic_Distillation_Cluster,100000.0,0.001,0.1,0.25,10000,0.00025,scenario
Targeted_Agentic_Distillation_Cluster,100000.0,0.001,0.1,0.25,100000,2.5e-05,scenario
Targeted_Agentic_Distillation_Cluster,100000.0,0.001,0.1,0.5,100,0.05,scenario
Targeted_Agentic_Distillation_Cluster,100000.0,0.001,0.1,0.5,1000,0.005,scenario
Targeted_Agentic_Distillation_Cluster,100000.0,0.001,0.1,0.5,10000,0.0005,scenario
Targeted_Agentic_Distillation_Cluster,100000.0,0.001,0.1,0.5,100000,5e-05,scenario
Targeted_Agentic_Distillation_Cluster,100000.0,0.001,0.1,0.75,100,0.07500000000000001,scenario
Targeted_Agentic_Distillation_Cluster,100000.0,0.001,0.1,0.75,1000,0.007500000000000001,scenario
Targeted_Agentic_Distillation_Cluster,100000.0,0.001,0.1,0.75,10000,0.0007500000000000001,scenario
Targeted_Agentic_Distillation_Cluster,100000.0,0.001,0.1,0.75,100000,7.500000000000001e-05,scenario
Targeted_Agentic_Distillation_Cluster,100000.0,0.001,0.1,1.0,100,0.1,scenario
Targeted_Agentic_Distillation_Cluster,100000.0,0.001,0.1,1.0,1000,0.01,scenario
Targeted_Agentic_Distillation_Cluster,100000.0,0.001,0.1,1.0,10000,0.001,scenario
Targeted_Agentic_Distillation_Cluster,100000.0,0.001,0.1,1.0,100000,0.0001,scenario
Targeted_Agentic_Distillation_Cluster,100000.0,0.001,0.25,0.1,100,0.025,scenario
Targeted_Agentic_Distillation_Cluster,100000.0,0.001,0.25,0.1,1000,0.0025,scenario
Targeted_Agentic_Distillation_Cluster,100000.0,0.001,0.25,0.1,10000,0.00025,scenario
Targeted_Agentic_Distillation_Cluster,100000.0,0.001,0.25,0.1,100000,2.5e-05,scenario
Targeted_Agentic_Distillation_Cluster,100000.0,0.001,0.25,0.25,100,0.0625,scenario
Targeted_Agentic_Distillation_Cluster,100000.0,0.001,0.25,0.25,1000,0.00625,scenario
Targeted_Agentic_Distillation_Cluster,100000.0,0.001,0.25,0.25,10000,0.000625,scenario
Targeted_Agentic_Distillation_Cluster,100000.0,0.001,0.25,0.25,100000,6.25e-05,scenario
Targeted_Agentic_Distillation_Cluster,100000.0,0.001,0.25,0.5,100,0.125,scenario
Targeted_Agentic_Distillation_Cluster,100000.0,0.001,0.25,0.5,1000,0.0125,scenario
Targeted_Agentic_Distillation_Cluster,100000.0,0.001,0.25,0.5,10000,0.00125,scenario
Targeted_Agentic_Distillation_Cluster,100000.0,0.001,0.25,0.5,100000,0.000125,scenario
Targeted_Agentic_Distillation_Cluster,100000.0,0.001,0.25,0.75,100,0.1875,scenario
Targeted_Agentic_Distillation_Cluster,100000.0,0.001,0.25,0.75,1000,0.01875,scenario
Targeted_Agentic_Distillation_Cluster,100000.0,0.001,0.25,0.75,10000,0.001875,scenario
Targeted_Agentic_Distillation_Cluster,100000.0,0.001,0.25,0.75,100000,0.0001875,scenario
Targeted_Agentic_Distillation_Cluster,100000.0,0.001,0.25,1.0,100,0.25,scenario
Targeted_Agentic_Distillation_Cluster,100000.0,0.001,0.25,1.0,1000,0.025,scenario
Targeted_Agentic_Distillation_Cluster,100000.0,0.001,0.25,1.0,10000,0.0025,scenario
Targeted_Agentic_Distillation_Cluster,100000.0,0.001,0.25,1.0,100000,0.00025,scenario
Targeted_Agentic_Distillation_Cluster,100000.0,0.001,0.5,0.1,100,0.05,scenario
Targeted_Agentic_Distillation_Cluster,100000.0,0.001,0.5,0.1,1000,0.005,scenario
Targeted_Agentic_Distillation_Cluster,100000.0,0.001,0.5,0.1,10000,0.0005,scenario
Targeted_Agentic_Distillation_Cluster,100000.0,0.001,0.5,0.1,100000,5e-05,scenario
Targeted_Agentic_Distillation_Cluster,100000.0,0.001,0.5,0.25,100,0.125,scenario
Targeted_Agentic_Distillation_Cluster,100000.0,0.001,0.5,0.25,1000,0.0125,scenario
Targeted_Agentic_Distillation_Cluster,100000.0,0.001,0.5,0.25,10000,0.00125,scenario
Targeted_Agentic_Distillation_Cluster,100000.0,0.001,0.5,0.25,100000,0.000125,scenario
Targeted_Agentic_Distillation_Cluster,100000.0,0.001,0.5,0.5,100,0.25,scenario
Targeted_Agentic_Distillation_Cluster,100000.0,0.001,0.5,0.5,1000,0.025,scenario
Targeted_Agentic_Distillation_Cluster,100000.0,0.001,0.5,0.5,10000,0.0025,scenario
Targeted_Agentic_Distillation_Cluster,100000.0,0.001,0.5,0.5,100000,0.00025,scenario
Targeted_Agentic_Distillation_Cluster,100000.0,0.001,0.5,0.75,100,0.375,scenario
Targeted_Agentic_Distillation_Cluster,100000.0,0.001,0.5,0.75,1000,0.0375,scenario
Targeted_Agentic_Distillation_Cluster,100000.0,0.001,0.5,0.75,10000,0.00375,scenario
Targeted_Agentic_Distillation_Cluster,100000.0,0.001,0.5,0.75,100000,0.000375,scenario
Targeted_Agentic_Distillation_Cluster,100000.0,0.001,0.5,1.0,100,0.5,scenario
Targeted_Agentic_Distillation_Cluster,100000.0,0.001,0.5,1.0,1000,0.05,scenario
Targeted_Agentic_Distillation_Cluster,100000.0,0.001,0.5,1.0,10000,0.005,scenario
Targeted_Agentic_Distillation_Cluster,100000.0,0.001,0.5,1.0,100000,0.0005,scenario
Targeted_Agentic_Distillation_Cluster,100000.0,0.001,0.75,0.1,100,0.07500000000000001,scenario
Targeted_Agentic_Distillation_Cluster,100000.0,0.001,0.75,0.1,1000,0.007500000000000001,scenario
Targeted_Agentic_Distillation_Cluster,100000.0,0.001,0.75,0.1,10000,0.0007500000000000001,scenario
Targeted_Agentic_Distillation_Cluster,100000.0,0.001,0.75,0.1,100000,7.500000000000001e-05,scenario
Targeted_Agentic_Distillation_Cluster,100000.0,0.001,0.75,0.25,100,0.1875,scenario
Targeted_Agentic_Distillation_Cluster,100000.0,0.001,0.75,0.25,1000,0.01875,scenario
Targeted_Agentic_Distillation_Cluster,100000.0,0.001,0.75,0.25,10000,0.001875,scenario
Targeted_Agentic_Distillation_Cluster,100000.0,0.001,0.75,0.25,100000,0.0001875,scenario
Targeted_Agentic_Distillation_Cluster,100000.0,0.001,0.75,0.5,100,0.375,scenario
Targeted_Agentic_Distillation_Cluster,100000.0,0.001,0.75,0.5,1000,0.0375,scenario
Targeted_Agentic_Distillation_Cluster,100000.0,0.001,0.75,0.5,10000,0.00375,scenario
Targeted_Agentic_Distillation_Cluster,100000.0,0.001,0.75,0.5,100000,0.000375,scenario
Targeted_Agentic_Distillation_Cluster,100000.0,0.001,0.75,0.75,100,0.5625000000000001,scenario
Targeted_Agentic_Distillation_Cluster,100000.0,0.001,0.75,0.75,1000,0.05625000000000001,scenario
Targeted_Agentic_Distillation_Cluster,100000.0,0.001,0.75,0.75,10000,0.005625000000000001,scenario
Targeted_Agentic_Distillation_Cluster,100000.0,0.001,0.75,0.75,100000,0.0005625000000000001,scenario
Targeted_Agentic_Distillation_Cluster,100000.0,0.001,0.75,1.0,100,0.75,scenario
Targeted_Agentic_Distillation_Cluster,100000.0,0.001,0.75,1.0,1000,0.075,scenario
Targeted_Agentic_Distillation_Cluster,100000.0,0.001,0.75,1.0,10000,0.0075,scenario
Targeted_Agentic_Distillation_Cluster,100000.0,0.001,0.75,1.0,100000,0.00075,scenario
Targeted_Agentic_Distillation_Cluster,100000.0,0.001,1.0,0.1,100,0.1,scenario
Targeted_Agentic_Distillation_Cluster,100000.0,0.001,1.0,0.1,1000,0.01,scenario
Targeted_Agentic_Distillation_Cluster,100000.0,0.001,1.0,0.1,10000,0.001,scenario
Targeted_Agentic_Distillation_Cluster,100000.0,0.001,1.0,0.1,100000,0.0001,scenario
Targeted_Agentic_Distillation_Cluster,100000.0,0.001,1.0,0.25,100,0.25,scenario
Targeted_Agentic_Distillation_Cluster,100000.0,0.001,1.0,0.25,1000,0.025,scenario
Targeted_Agentic_Distillation_Cluster,100000.0,0.001,1.0,0.25,10000,0.0025,scenario
Targeted_Agentic_Distillation_Cluster,100000.0,0.001,1.0,0.25,100000,0.00025,scenario
Targeted_Agentic_Distillation_Cluster,100000.0,0.001,1.0,0.5,100,0.5,scenario
Targeted_Agentic_Distillation_Cluster,100000.0,0.001,1.0,0.5,1000,0.05,scenario
Targeted_Agentic_Distillation_Cluster,100000.0,0.001,1.0,0.5,10000,0.005,scenario
Targeted_Agentic_Distillation_Cluster,100000.0,0.001,1.0,0.5,100000,0.0005,scenario
Targeted_Agentic_Distillation_Cluster,100000.0,0.001,1.0,0.75,100,0.75,scenario
Targeted_Agentic_Distillation_Cluster,100000.0,0.001,1.0,0.75,1000,0.075,scenario
Targeted_Agentic_Distillation_Cluster,100000.0,0.001,1.0,0.75,10000,0.0075,scenario
Targeted_Agentic_Distillation_Cluster,100000.0,0.001,1.0,0.75,100000,0.00075,scenario
Targeted_Agentic_Distillation_Cluster,100000.0,0.001,1.0,1.0,100,1.0,scenario
Targeted_Agentic_Distillation_Cluster,100000.0,0.001,1.0,1.0,1000,0.1,scenario
Targeted_Agentic_Distillation_Cluster,100000.0,0.001,1.0,1.0,10000,0.01,scenario
Targeted_Agentic_Distillation_Cluster,100000.0,0.001,1.0,1.0,100000,0.001,scenario
Targeted_Agentic_Distillation_Cluster,100000.0,0.005,0.1,0.1,100,0.05,scenario
Targeted_Agentic_Distillation_Cluster,100000.0,0.005,0.1,0.1,1000,0.005,scenario
Targeted_Agentic_Distillation_Cluster,100000.0,0.005,0.1,0.1,10000,0.0005,scenario
Targeted_Agentic_Distillation_Cluster,100000.0,0.005,0.1,0.1,100000,5e-05,scenario
Targeted_Agentic_Distillation_Cluster,100000.0,0.005,0.1,0.25,100,0.125,scenario
Targeted_Agentic_Distillation_Cluster,100000.0,0.005,0.1,0.25,1000,0.0125,scenario
Targeted_Agentic_Distillation_Cluster,100000.0,0.005,0.1,0.25,10000,0.00125,scenario
Targeted_Agentic_Distillation_Cluster,100000.0,0.005,0.1,0.25,100000,0.000125,scenario
Targeted_Agentic_Distillation_Cluster,100000.0,0.005,0.1,0.5,100,0.25,scenario
Targeted_Agentic_Distillation_Cluster,100000.0,0.005,0.1,0.5,1000,0.025,scenario
Targeted_Agentic_Distillation_Cluster,100000.0,0.005,0.1,0.5,10000,0.0025,scenario
Targeted_Agentic_Distillation_Cluster,100000.0,0.005,0.1,0.5,100000,0.00025,scenario
Targeted_Agentic_Distillation_Cluster,100000.0,0.005,0.1,0.75,100,0.375,scenario
Targeted_Agentic_Distillation_Cluster,100000.0,0.005,0.1,0.75,1000,0.0375,scenario
Targeted_Agentic_Distillation_Cluster,100000.0,0.005,0.1,0.75,10000,0.00375,scenario
Targeted_Agentic_Distillation_Cluster,100000.0,0.005,0.1,0.75,100000,0.000375,scenario
Targeted_Agentic_Distillation_Cluster,100000.0,0.005,0.1,1.0,100,0.5,scenario
Targeted_Agentic_Distillation_Cluster,100000.0,0.005,0.1,1.0,1000,0.05,scenario
Targeted_Agentic_Distillation_Cluster,100000.0,0.005,0.1,1.0,10000,0.005,scenario
Targeted_Agentic_Distillation_Cluster,100000.0,0.005,0.1,1.0,100000,0.0005,scenario
Targeted_Agentic_Distillation_Cluster,100000.0,0.005,0.25,0.1,100,0.125,scenario
Targeted_Agentic_Distillation_Cluster,100000.0,0.005,0.25,0.1,1000,0.0125,scenario
Targeted_Agentic_Distillation_Cluster,100000.0,0.005,0.25,0.1,10000,0.00125,scenario
Targeted_Agentic_Distillation_Cluster,100000.0,0.005,0.25,0.1,100000,0.000125,scenario
Targeted_Agentic_Distillation_Cluster,100000.0,0.005,0.25,0.25,100,0.3125,scenario
Targeted_Agentic_Distillation_Cluster,100000.0,0.005,0.25,0.25,1000,0.03125,scenario
Targeted_Agentic_Distillation_Cluster,100000.0,0.005,0.25,0.25,10000,0.003125,scenario
Targeted_Agentic_Distillation_Cluster,100000.0,0.005,0.25,0.25,100000,0.0003125,scenario
Targeted_Agentic_Distillation_Cluster,100000.0,0.005,0.25,0.5,100,0.625,scenario
Targeted_Agentic_Distillation_Cluster,100000.0,0.005,0.25,0.5,1000,0.0625,scenario
Targeted_Agentic_Distillation_Cluster,100000.0,0.005,0.25,0.5,10000,0.00625,scenario
Targeted_Agentic_Distillation_Cluster,100000.0,0.005,0.25,0.5,100000,0.000625,scenario
Targeted_Agentic_Distillation_Cluster,100000.0,0.005,0.25,0.75,100,0.9375,scenario
Targeted_Agentic_Distillation_Cluster,100000.0,0.005,0.25,0.75,1000,0.09375,scenario
Targeted_Agentic_Distillation_Cluster,100000.0,0.005,0.25,0.75,10000,0.009375,scenario
Targeted_Agentic_Distillation_Cluster,100000.0,0.005,0.25,0.75,100000,0.0009375,scenario
Targeted_Agentic_Distillation_Cluster,100000.0,0.005,0.25,1.0,100,1.25,scenario
Targeted_Agentic_Distillation_Cluster,100000.0,0.005,0.25,1.0,1000,0.125,scenario
Targeted_Agentic_Distillation_Cluster,100000.0,0.005,0.25,1.0,10000,0.0125,scenario
Targeted_Agentic_Distillation_Cluster,100000.0,0.005,0.25,1.0,100000,0.00125,scenario
Targeted_Agentic_Distillation_Cluster,100000.0,0.005,0.5,0.1,100,0.25,scenario
Targeted_Agentic_Distillation_Cluster,100000.0,0.005,0.5,0.1,1000,0.025,scenario
Targeted_Agentic_Distillation_Cluster,100000.0,0.005,0.5,0.1,10000,0.0025,scenario
Targeted_Agentic_Distillation_Cluster,100000.0,0.005,0.5,0.1,100000,0.00025,scenario
Targeted_Agentic_Distillation_Cluster,100000.0,0.005,0.5,0.25,100,0.625,scenario
Targeted_Agentic_Distillation_Cluster,100000.0,0.005,0.5,0.25,1000,0.0625,scenario
Targeted_Agentic_Distillation_Cluster,100000.0,0.005,0.5,0.25,10000,0.00625,scenario
Targeted_Agentic_Distillation_Cluster,100000.0,0.005,0.5,0.25,100000,0.000625,scenario
Targeted_Agentic_Distillation_Cluster,100000.0,0.005,0.5,0.5,100,1.25,scenario
Targeted_Agentic_Distillation_Cluster,100000.0,0.005,0.5,0.5,1000,0.125,scenario
Targeted_Agentic_Distillation_Cluster,100000.0,0.005,0.5,0.5,10000,0.0125,scenario
Targeted_Agentic_Distillation_Cluster,100000.0,0.005,0.5,0.5,100000,0.00125,scenario
Targeted_Agentic_Distillation_Cluster,100000.0,0.005,0.5,0.75,100,1.875,scenario
Targeted_Agentic_Distillation_Cluster,100000.0,0.005,0.5,0.75,1000,0.1875,scenario
Targeted_Agentic_Distillation_Cluster,100000.0,0.005,0.5,0.75,10000,0.01875,scenario
Targeted_Agentic_Distillation_Cluster,100000.0,0.005,0.5,0.75,100000,0.001875,scenario
Targeted_Agentic_Distillation_Cluster,100000.0,0.005,0.5,1.0,100,2.5,scenario
Targeted_Agentic_Distillation_Cluster,100000.0,0.005,0.5,1.0,1000,0.25,scenario
Targeted_Agentic_Distillation_Cluster,100000.0,0.005,0.5,1.0,10000,0.025,scenario
Targeted_Agentic_Distillation_Cluster,100000.0,0.005,0.5,1.0,100000,0.0025,scenario
Targeted_Agentic_Distillation_Cluster,100000.0,0.005,0.75,0.1,100,0.375,scenario
Targeted_Agentic_Distillation_Cluster,100000.0,0.005,0.75,0.1,1000,0.0375,scenario
Targeted_Agentic_Distillation_Cluster,100000.0,0.005,0.75,0.1,10000,0.00375,scenario
Targeted_Agentic_Distillation_Cluster,100000.0,0.005,0.75,0.1,100000,0.000375,scenario
Targeted_Agentic_Distillation_Cluster,100000.0,0.005,0.75,0.25,100,0.9375,scenario
Targeted_Agentic_Distillation_Cluster,100000.0,0.005,0.75,0.25,1000,0.09375,scenario
Targeted_Agentic_Distillation_Cluster,100000.0,0.005,0.75,0.25,10000,0.009375,scenario
Targeted_Agentic_Distillation_Cluster,100000.0,0.005,0.75,0.25,100000,0.0009375,scenario
Targeted_Agentic_Distillation_Cluster,100000.0,0.005,0.75,0.5,100,1.875,scenario
Targeted_Agentic_Distillation_Cluster,100000.0,0.005,0.75,0.5,1000,0.1875,scenario
Targeted_Agentic_Distillation_Cluster,100000.0,0.005,0.75,0.5,10000,0.01875,scenario
Targeted_Agentic_Distillation_Cluster,100000.0,0.005,0.75,0.5,100000,0.001875,scenario
Targeted_Agentic_Distillation_Cluster,100000.0,0.005,0.75,0.75,100,2.8125,scenario
Targeted_Agentic_Distillation_Cluster,100000.0,0.005,0.75,0.75,1000,0.28125,scenario
Targeted_Agentic_Distillation_Cluster,100000.0,0.005,0.75,0.75,10000,0.028125,scenario
Targeted_Agentic_Distillation_Cluster,100000.0,0.005,0.75,0.75,100000,0.0028125,scenario
Targeted_Agentic_Distillation_Cluster,100000.0,0.005,0.75,1.0,100,3.75,scenario
Targeted_Agentic_Distillation_Cluster,100000.0,0.005,0.75,1.0,1000,0.375,scenario
Targeted_Agentic_Distillation_Cluster,100000.0,0.005,0.75,1.0,10000,0.0375,scenario
Targeted_Agentic_Distillation_Cluster,100000.0,0.005,0.75,1.0,100000,0.00375,scenario
Targeted_Agentic_Distillation_Cluster,100000.0,0.005,1.0,0.1,100,0.5,scenario
Targeted_Agentic_Distillation_Cluster,100000.0,0.005,1.0,0.1,1000,0.05,scenario
Targeted_Agentic_Distillation_Cluster,100000.0,0.005,1.0,0.1,10000,0.005,scenario
Targeted_Agentic_Distillation_Cluster,100000.0,0.005,1.0,0.1,100000,0.0005,scenario
Targeted_Agentic_Distillation_Cluster,100000.0,0.005,1.0,0.25,100,1.25,scenario
Targeted_Agentic_Distillation_Cluster,100000.0,0.005,1.0,0.25,1000,0.125,scenario
Targeted_Agentic_Distillation_Cluster,100000.0,0.005,1.0,0.25,10000,0.0125,scenario
Targeted_Agentic_Distillation_Cluster,100000.0,0.005,1.0,0.25,100000,0.00125,scenario
Targeted_Agentic_Distillation_Cluster,100000.0,0.005,1.0,0.5,100,2.5,scenario
Targeted_Agentic_Distillation_Cluster,100000.0,0.005,1.0,0.5,1000,0.25,scenario
Targeted_Agentic_Distillation_Cluster,100000.0,0.005,1.0,0.5,10000,0.025,scenario
Targeted_Agentic_Distillation_Cluster,100000.0,0.005,1.0,0.5,100000,0.0025,scenario
Targeted_Agentic_Distillation_Cluster,100000.0,0.005,1.0,0.75,100,3.75,scenario
Targeted_Agentic_Distillation_Cluster,100000.0,0.005,1.0,0.75,1000,0.375,scenario
Targeted_Agentic_Distillation_Cluster,100000.0,0.005,1.0,0.75,10000,0.0375,scenario
Targeted_Agentic_Distillation_Cluster,100000.0,0.005,1.0,0.75,100000,0.00375,scenario
Targeted_Agentic_Distillation_Cluster,100000.0,0.005,1.0,1.0,100,5.0,scenario
Targeted_Agentic_Distillation_Cluster,100000.0,0.005,1.0,1.0,1000,0.5,scenario
Targeted_Agentic_Distillation_Cluster,100000.0,0.005,1.0,1.0,10000,0.05,scenario
Targeted_Agentic_Distillation_Cluster,100000.0,0.005,1.0,1.0,100000,0.005,scenario
Targeted_Agentic_Distillation_Cluster,100000.0,0.01,0.1,0.1,100,0.1,scenario
Targeted_Agentic_Distillation_Cluster,100000.0,0.01,0.1,0.1,1000,0.01,scenario
Targeted_Agentic_Distillation_Cluster,100000.0,0.01,0.1,0.1,10000,0.001,scenario
Targeted_Agentic_Distillation_Cluster,100000.0,0.01,0.1,0.1,100000,0.0001,scenario
Targeted_Agentic_Distillation_Cluster,100000.0,0.01,0.1,0.25,100,0.25,scenario
Targeted_Agentic_Distillation_Cluster,100000.0,0.01,0.1,0.25,1000,0.025,scenario
Targeted_Agentic_Distillation_Cluster,100000.0,0.01,0.1,0.25,10000,0.0025,scenario
Targeted_Agentic_Distillation_Cluster,100000.0,0.01,0.1,0.25,100000,0.00025,scenario
Targeted_Agentic_Distillation_Cluster,100000.0,0.01,0.1,0.5,100,0.5,scenario
Targeted_Agentic_Distillation_Cluster,100000.0,0.01,0.1,0.5,1000,0.05,scenario
Targeted_Agentic_Distillation_Cluster,100000.0,0.01,0.1,0.5,10000,0.005,scenario
Targeted_Agentic_Distillation_Cluster,100000.0,0.01,0.1,0.5,100000,0.0005,scenario
Targeted_Agentic_Distillation_Cluster,100000.0,0.01,0.1,0.75,100,0.75,scenario
Targeted_Agentic_Distillation_Cluster,100000.0,0.01,0.1,0.75,1000,0.075,scenario
Targeted_Agentic_Distillation_Cluster,100000.0,0.01,0.1,0.75,10000,0.0075,scenario
Targeted_Agentic_Distillation_Cluster,100000.0,0.01,0.1,0.75,100000,0.00075,scenario
Targeted_Agentic_Distillation_Cluster,100000.0,0.01,0.1,1.0,100,1.0,scenario
Targeted_Agentic_Distillation_Cluster,100000.0,0.01,0.1,1.0,1000,0.1,scenario
Targeted_Agentic_Distillation_Cluster,100000.0,0.01,0.1,1.0,10000,0.01,scenario
Targeted_Agentic_Distillation_Cluster,100000.0,0.01,0.1,1.0,100000,0.001,scenario
Targeted_Agentic_Distillation_Cluster,100000.0,0.01,0.25,0.1,100,0.25,scenario
Targeted_Agentic_Distillation_Cluster,100000.0,0.01,0.25,0.1,1000,0.025,scenario
Targeted_Agentic_Distillation_Cluster,100000.0,0.01,0.25,0.1,10000,0.0025,scenario
Targeted_Agentic_Distillation_Cluster,100000.0,0.01,0.25,0.1,100000,0.00025,scenario
Targeted_Agentic_Distillation_Cluster,100000.0,0.01,0.25,0.25,100,0.625,scenario
Targeted_Agentic_Distillation_Cluster,100000.0,0.01,0.25,0.25,1000,0.0625,scenario
Targeted_Agentic_Distillation_Cluster,100000.0,0.01,0.25,0.25,10000,0.00625,scenario
Targeted_Agentic_Distillation_Cluster,100000.0,0.01,0.25,0.25,100000,0.000625,scenario
Targeted_Agentic_Distillation_Cluster,100000.0,0.01,0.25,0.5,100,1.25,scenario
Targeted_Agentic_Distillation_Cluster,100000.0,0.01,0.25,0.5,1000,0.125,scenario
Targeted_Agentic_Distillation_Cluster,100000.0,0.01,0.25,0.5,10000,0.0125,scenario
Targeted_Agentic_Distillation_Cluster,100000.0,0.01,0.25,0.5,100000,0.00125,scenario
Targeted_Agentic_Distillation_Cluster,100000.0,0.01,0.25,0.75,100,1.875,scenario
Targeted_Agentic_Distillation_Cluster,100000.0,0.01,0.25,0.75,1000,0.1875,scenario
Targeted_Agentic_Distillation_Cluster,100000.0,0.01,0.25,0.75,10000,0.01875,scenario
Targeted_Agentic_Distillation_Cluster,100000.0,0.01,0.25,0.75,100000,0.001875,scenario
Targeted_Agentic_Distillation_Cluster,100000.0,0.01,0.25,1.0,100,2.5,scenario
Targeted_Agentic_Distillation_Cluster,100000.0,0.01,0.25,1.0,1000,0.25,scenario
Targeted_Agentic_Distillation_Cluster,100000.0,0.01,0.25,1.0,10000,0.025,scenario
Targeted_Agentic_Distillation_Cluster,100000.0,0.01,0.25,1.0,100000,0.0025,scenario
Targeted_Agentic_Distillation_Cluster,100000.0,0.01,0.5,0.1,100,0.5,scenario
Targeted_Agentic_Distillation_Cluster,100000.0,0.01,0.5,0.1,1000,0.05,scenario
Targeted_Agentic_Distillation_Cluster,100000.0,0.01,0.5,0.1,10000,0.005,scenario
Targeted_Agentic_Distillation_Cluster,100000.0,0.01,0.5,0.1,100000,0.0005,scenario
Targeted_Agentic_Distillation_Cluster,100000.0,0.01,0.5,0.25,100,1.25,scenario
Targeted_Agentic_Distillation_Cluster,100000.0,0.01,0.5,0.25,1000,0.125,scenario
Targeted_Agentic_Distillation_Cluster,100000.0,0.01,0.5,0.25,10000,0.0125,scenario
Targeted_Agentic_Distillation_Cluster,100000.0,0.01,0.5,0.25,100000,0.00125,scenario
Targeted_Agentic_Distillation_Cluster,100000.0,0.01,0.5,0.5,100,2.5,scenario
Targeted_Agentic_Distillation_Cluster,100000.0,0.01,0.5,0.5,1000,0.25,scenario
Targeted_Agentic_Distillation_Cluster,100000.0,0.01,0.5,0.5,10000,0.025,scenario
Targeted_Agentic_Distillation_Cluster,100000.0,0.01,0.5,0.5,100000,0.0025,scenario
Targeted_Agentic_Distillation_Cluster,100000.0,0.01,0.5,0.75,100,3.75,scenario
Targeted_Agentic_Distillation_Cluster,100000.0,0.01,0.5,0.75,1000,0.375,scenario
Targeted_Agentic_Distillation_Cluster,100000.0,0.01,0.5,0.75,10000,0.0375,scenario
Targeted_Agentic_Distillation_Cluster,100000.0,0.01,0.5,0.75,100000,0.00375,scenario
Targeted_Agentic_Distillation_Cluster,100000.0,0.01,0.5,1.0,100,5.0,scenario
Targeted_Agentic_Distillation_Cluster,100000.0,0.01,0.5,1.0,1000,0.5,scenario
Targeted_Agentic_Distillation_Cluster,100000.0,0.01,0.5,1.0,10000,0.05,scenario
Targeted_Agentic_Distillation_Cluster,100000.0,0.01,0.5,1.0,100000,0.005,scenario
Targeted_Agentic_Distillation_Cluster,100000.0,0.01,0.75,0.1,100,0.75,scenario
Targeted_Agentic_Distillation_Cluster,100000.0,0.01,0.75,0.1,1000,0.075,scenario
Targeted_Agentic_Distillation_Cluster,100000.0,0.01,0.75,0.1,10000,0.0075,scenario
Targeted_Agentic_Distillation_Cluster,100000.0,0.01,0.75,0.1,100000,0.00075,scenario
Targeted_Agentic_Distillation_Cluster,100000.0,0.01,0.75,0.25,100,1.875,scenario
Targeted_Agentic_Distillation_Cluster,100000.0,0.01,0.75,0.25,1000,0.1875,scenario
Targeted_Agentic_Distillation_Cluster,100000.0,0.01,0.75,0.25,10000,0.01875,scenario
Targeted_Agentic_Distillation_Cluster,100000.0,0.01,0.75,0.25,100000,0.001875,scenario
Targeted_Agentic_Distillation_Cluster,100000.0,0.01,0.75,0.5,100,3.75,scenario
Targeted_Agentic_Distillation_Cluster,100000.0,0.01,0.75,0.5,1000,0.375,scenario
Targeted_Agentic_Distillation_Cluster,100000.0,0.01,0.75,0.5,10000,0.0375,scenario
Targeted_Agentic_Distillation_Cluster,100000.0,0.01,0.75,0.5,100000,0.00375,scenario
Targeted_Agentic_Distillation_Cluster,100000.0,0.01,0.75,0.75,100,5.625,scenario
Targeted_Agentic_Distillation_Cluster,100000.0,0.01,0.75,0.75,1000,0.5625,scenario
Targeted_Agentic_Distillation_Cluster,100000.0,0.01,0.75,0.75,10000,0.05625,scenario
Targeted_Agentic_Distillation_Cluster,100000.0,0.01,0.75,0.75,100000,0.005625,scenario
Targeted_Agentic_Distillation_Cluster,100000.0,0.01,0.75,1.0,100,7.5,scenario
Targeted_Agentic_Distillation_Cluster,100000.0,0.01,0.75,1.0,1000,0.75,scenario
Targeted_Agentic_Distillation_Cluster,100000.0,0.01,0.75,1.0,10000,0.075,scenario
Targeted_Agentic_Distillation_Cluster,100000.0,0.01,0.75,1.0,100000,0.0075,scenario
Targeted_Agentic_Distillation_Cluster,100000.0,0.01,1.0,0.1,100,1.0,scenario
Targeted_Agentic_Distillation_Cluster,100000.0,0.01,1.0,0.1,1000,0.1,scenario
Targeted_Agentic_Distillation_Cluster,100000.0,0.01,1.0,0.1,10000,0.01,scenario
Targeted_Agentic_Distillation_Cluster,100000.0,0.01,1.0,0.1,100000,0.001,scenario
Targeted_Agentic_Distillation_Cluster,100000.0,0.01,1.0,0.25,100,2.5,scenario
Targeted_Agentic_Distillation_Cluster,100000.0,0.01,1.0,0.25,1000,0.25,scenario
Targeted_Agentic_Distillation_Cluster,100000.0,0.01,1.0,0.25,10000,0.025,scenario
Targeted_Agentic_Distillation_Cluster,100000.0,0.01,1.0,0.25,100000,0.0025,scenario
Targeted_Agentic_Distillation_Cluster,100000.0,0.01,1.0,0.5,100,5.0,scenario
Targeted_Agentic_Distillation_Cluster,100000.0,0.01,1.0,0.5,1000,0.5,scenario
Targeted_Agentic_Distillation_Cluster,100000.0,0.01,1.0,0.5,10000,0.05,scenario
Targeted_Agentic_Distillation_Cluster,100000.0,0.01,1.0,0.5,100000,0.005,scenario
Targeted_Agentic_Distillation_Cluster,100000.0,0.01,1.0,0.75,100,7.5,scenario
Targeted_Agentic_Distillation_Cluster,100000.0,0.01,1.0,0.75,1000,0.75,scenario
Targeted_Agentic_Distillation_Cluster,100000.0,0.01,1.0,0.75,10000,0.075,scenario
Targeted_Agentic_Distillation_Cluster,100000.0,0.01,1.0,0.75,100000,0.0075,scenario
Targeted_Agentic_Distillation_Cluster,100000.0,0.01,1.0,1.0,100,10.0,scenario
Targeted_Agentic_Distillation_Cluster,100000.0,0.01,1.0,1.0,1000,1.0,scenario
Targeted_Agentic_Distillation_Cluster,100000.0,0.01,1.0,1.0,10000,0.1,scenario
Targeted_Agentic_Distillation_Cluster,100000.0,0.01,1.0,1.0,100000,0.01,scenario
Targeted_Agentic_Distillation_Cluster,100000.0,0.05,0.1,0.1,100,0.5000000000000001,scenario
Targeted_Agentic_Distillation_Cluster,100000.0,0.05,0.1,0.1,1000,0.05000000000000002,scenario
Targeted_Agentic_Distillation_Cluster,100000.0,0.05,0.1,0.1,10000,0.005000000000000002,scenario
Targeted_Agentic_Distillation_Cluster,100000.0,0.05,0.1,0.1,100000,0.0005000000000000001,scenario
Targeted_Agentic_Distillation_Cluster,100000.0,0.05,0.1,0.25,100,1.2500000000000002,scenario
Targeted_Agentic_Distillation_Cluster,100000.0,0.05,0.1,0.25,1000,0.12500000000000003,scenario
Targeted_Agentic_Distillation_Cluster,100000.0,0.05,0.1,0.25,10000,0.012500000000000002,scenario
Targeted_Agentic_Distillation_Cluster,100000.0,0.05,0.1,0.25,100000,0.0012500000000000002,scenario
Targeted_Agentic_Distillation_Cluster,100000.0,0.05,0.1,0.5,100,2.5000000000000004,scenario
Targeted_Agentic_Distillation_Cluster,100000.0,0.05,0.1,0.5,1000,0.25000000000000006,scenario
Targeted_Agentic_Distillation_Cluster,100000.0,0.05,0.1,0.5,10000,0.025000000000000005,scenario
Targeted_Agentic_Distillation_Cluster,100000.0,0.05,0.1,0.5,100000,0.0025000000000000005,scenario
Targeted_Agentic_Distillation_Cluster,100000.0,0.05,0.1,0.75,100,3.7500000000000004,scenario
Targeted_Agentic_Distillation_Cluster,100000.0,0.05,0.1,0.75,1000,0.37500000000000006,scenario
Targeted_Agentic_Distillation_Cluster,100000.0,0.05,0.1,0.75,10000,0.037500000000000006,scenario
Targeted_Agentic_Distillation_Cluster,100000.0,0.05,0.1,0.75,100000,0.0037500000000000007,scenario
Targeted_Agentic_Distillation_Cluster,100000.0,0.05,0.1,1.0,100,5.000000000000001,scenario
Targeted_Agentic_Distillation_Cluster,100000.0,0.05,0.1,1.0,1000,0.5000000000000001,scenario
Targeted_Agentic_Distillation_Cluster,100000.0,0.05,0.1,1.0,10000,0.05000000000000001,scenario
Targeted_Agentic_Distillation_Cluster,100000.0,0.05,0.1,1.0,100000,0.005000000000000001,scenario
Targeted_Agentic_Distillation_Cluster,100000.0,0.05,0.25,0.1,100,1.2500000000000002,scenario
Targeted_Agentic_Distillation_Cluster,100000.0,0.05,0.25,0.1,1000,0.12500000000000003,scenario
Targeted_Agentic_Distillation_Cluster,100000.0,0.05,0.25,0.1,10000,0.012500000000000002,scenario
Targeted_Agentic_Distillation_Cluster,100000.0,0.05,0.25,0.1,100000,0.0012500000000000002,scenario
Targeted_Agentic_Distillation_Cluster,100000.0,0.05,0.25,0.25,100,3.125,scenario
Targeted_Agentic_Distillation_Cluster,100000.0,0.05,0.25,0.25,1000,0.3125,scenario
Targeted_Agentic_Distillation_Cluster,100000.0,0.05,0.25,0.25,10000,0.03125,scenario
Targeted_Agentic_Distillation_Cluster,100000.0,0.05,0.25,0.25,100000,0.003125,scenario
Targeted_Agentic_Distillation_Cluster,100000.0,0.05,0.25,0.5,100,6.25,scenario
Targeted_Agentic_Distillation_Cluster,100000.0,0.05,0.25,0.5,1000,0.625,scenario
Targeted_Agentic_Distillation_Cluster,100000.0,0.05,0.25,0.5,10000,0.0625,scenario
Targeted_Agentic_Distillation_Cluster,100000.0,0.05,0.25,0.5,100000,0.00625,scenario
Targeted_Agentic_Distillation_Cluster,100000.0,0.05,0.25,0.75,100,9.375000000000002,scenario
Targeted_Agentic_Distillation_Cluster,100000.0,0.05,0.25,0.75,1000,0.9375000000000001,scenario
Targeted_Agentic_Distillation_Cluster,100000.0,0.05,0.25,0.75,10000,0.09375000000000001,scenario
Targeted_Agentic_Distillation_Cluster,100000.0,0.05,0.25,0.75,100000,0.009375000000000001,scenario
Targeted_Agentic_Distillation_Cluster,100000.0,0.05,0.25,1.0,100,12.5,scenario
Targeted_Agentic_Distillation_Cluster,100000.0,0.05,0.25,1.0,1000,1.25,scenario
Targeted_Agentic_Distillation_Cluster,100000.0,0.05,0.25,1.0,10000,0.125,scenario
Targeted_Agentic_Distillation_Cluster,100000.0,0.05,0.25,1.0,100000,0.0125,scenario
Targeted_Agentic_Distillation_Cluster,100000.0,0.05,0.5,0.1,100,2.5000000000000004,scenario
Targeted_Agentic_Distillation_Cluster,100000.0,0.05,0.5,0.1,1000,0.25000000000000006,scenario
Targeted_Agentic_Distillation_Cluster,100000.0,0.05,0.5,0.1,10000,0.025000000000000005,scenario
Targeted_Agentic_Distillation_Cluster,100000.0,0.05,0.5,0.1,100000,0.0025000000000000005,scenario
Targeted_Agentic_Distillation_Cluster,100000.0,0.05,0.5,0.25,100,6.25,scenario
Targeted_Agentic_Distillation_Cluster,100000.0,0.05,0.5,0.25,1000,0.625,scenario
Targeted_Agentic_Distillation_Cluster,100000.0,0.05,0.5,0.25,10000,0.0625,scenario
Targeted_Agentic_Distillation_Cluster,100000.0,0.05,0.5,0.25,100000,0.00625,scenario
Targeted_Agentic_Distillation_Cluster,100000.0,0.05,0.5,0.5,100,12.5,scenario
Targeted_Agentic_Distillation_Cluster,100000.0,0.05,0.5,0.5,1000,1.25,scenario
Targeted_Agentic_Distillation_Cluster,100000.0,0.05,0.5,0.5,10000,0.125,scenario
Targeted_Agentic_Distillation_Cluster,100000.0,0.05,0.5,0.5,100000,0.0125,scenario
Targeted_Agentic_Distillation_Cluster,100000.0,0.05,0.5,0.75,100,18.750000000000004,scenario
Targeted_Agentic_Distillation_Cluster,100000.0,0.05,0.5,0.75,1000,1.8750000000000002,scenario
Targeted_Agentic_Distillation_Cluster,100000.0,0.05,0.5,0.75,10000,0.18750000000000003,scenario
Targeted_Agentic_Distillation_Cluster,100000.0,0.05,0.5,0.75,100000,0.018750000000000003,scenario
Targeted_Agentic_Distillation_Cluster,100000.0,0.05,0.5,1.0,100,25.0,scenario
Targeted_Agentic_Distillation_Cluster,100000.0,0.05,0.5,1.0,1000,2.5,scenario
Targeted_Agentic_Distillation_Cluster,100000.0,0.05,0.5,1.0,10000,0.25,scenario
Targeted_Agentic_Distillation_Cluster,100000.0,0.05,0.5,1.0,100000,0.025,scenario
Targeted_Agentic_Distillation_Cluster,100000.0,0.05,0.75,0.1,100,3.7500000000000004,scenario
Targeted_Agentic_Distillation_Cluster,100000.0,0.05,0.75,0.1,1000,0.37500000000000006,scenario
Targeted_Agentic_Distillation_Cluster,100000.0,0.05,0.75,0.1,10000,0.037500000000000006,scenario
Targeted_Agentic_Distillation_Cluster,100000.0,0.05,0.75,0.1,100000,0.0037500000000000007,scenario
Targeted_Agentic_Distillation_Cluster,100000.0,0.05,0.75,0.25,100,9.375000000000002,scenario
Targeted_Agentic_Distillation_Cluster,100000.0,0.05,0.75,0.25,1000,0.9375000000000001,scenario
Targeted_Agentic_Distillation_Cluster,100000.0,0.05,0.75,0.25,10000,0.09375000000000001,scenario
Targeted_Agentic_Distillation_Cluster,100000.0,0.05,0.75,0.25,100000,0.009375000000000001,scenario
Targeted_Agentic_Distillation_Cluster,100000.0,0.05,0.75,0.5,100,18.750000000000004,scenario
Targeted_Agentic_Distillation_Cluster,100000.0,0.05,0.75,0.5,1000,1.8750000000000002,scenario
Targeted_Agentic_Distillation_Cluster,100000.0,0.05,0.75,0.5,10000,0.18750000000000003,scenario
Targeted_Agentic_Distillation_Cluster,100000.0,0.05,0.75,0.5,100000,0.018750000000000003,scenario
Targeted_Agentic_Distillation_Cluster,100000.0,0.05,0.75,0.75,100,28.125000000000004,scenario
Targeted_Agentic_Distillation_Cluster,100000.0,0.05,0.75,0.75,1000,2.8125000000000004,scenario
Targeted_Agentic_Distillation_Cluster,100000.0,0.05,0.75,0.75,10000,0.28125000000000006,scenario
Targeted_Agentic_Distillation_Cluster,100000.0,0.05,0.75,0.75,100000,0.028125000000000004,scenario
Targeted_Agentic_Distillation_Cluster,100000.0,0.05,0.75,1.0,100,37.50000000000001,scenario
Targeted_Agentic_Distillation_Cluster,100000.0,0.05,0.75,1.0,1000,3.7500000000000004,scenario
Targeted_Agentic_Distillation_Cluster,100000.0,0.05,0.75,1.0,10000,0.37500000000000006,scenario
Targeted_Agentic_Distillation_Cluster,100000.0,0.05,0.75,1.0,100000,0.037500000000000006,scenario
Targeted_Agentic_Distillation_Cluster,100000.0,0.05,1.0,0.1,100,5.000000000000001,scenario
Targeted_Agentic_Distillation_Cluster,100000.0,0.05,1.0,0.1,1000,0.5000000000000001,scenario
Targeted_Agentic_Distillation_Cluster,100000.0,0.05,1.0,0.1,10000,0.05000000000000001,scenario
Targeted_Agentic_Distillation_Cluster,100000.0,0.05,1.0,0.1,100000,0.005000000000000001,scenario
Targeted_Agentic_Distillation_Cluster,100000.0,0.05,1.0,0.25,100,12.5,scenario
Targeted_Agentic_Distillation_Cluster,100000.0,0.05,1.0,0.25,1000,1.25,scenario
Targeted_Agentic_Distillation_Cluster,100000.0,0.05,1.0,0.25,10000,0.125,scenario
Targeted_Agentic_Distillation_Cluster,100000.0,0.05,1.0,0.25,100000,0.0125,scenario
Targeted_Agentic_Distillation_Cluster,100000.0,0.05,1.0,0.5,100,25.0,scenario
Targeted_Agentic_Distillation_Cluster,100000.0,0.05,1.0,0.5,1000,2.5,scenario
Targeted_Agentic_Distillation_Cluster,100000.0,0.05,1.0,0.5,10000,0.25,scenario
Targeted_Agentic_Distillation_Cluster,100000.0,0.05,1.0,0.5,100000,0.025,scenario
Targeted_Agentic_Distillation_Cluster,100000.0,0.05,1.0,0.75,100,37.50000000000001,scenario
Targeted_Agentic_Distillation_Cluster,100000.0,0.05,1.0,0.75,1000,3.7500000000000004,scenario
Targeted_Agentic_Distillation_Cluster,100000.0,0.05,1.0,0.75,10000,0.37500000000000006,scenario
Targeted_Agentic_Distillation_Cluster,100000.0,0.05,1.0,0.75,100000,0.037500000000000006,scenario
Targeted_Agentic_Distillation_Cluster,100000.0,0.05,1.0,1.0,100,50.0,scenario
Targeted_Agentic_Distillation_Cluster,100000.0,0.05,1.0,1.0,1000,5.0,scenario
Targeted_Agentic_Distillation_Cluster,100000.0,0.05,1.0,1.0,10000,0.5,scenario
Targeted_Agentic_Distillation_Cluster,100000.0,0.05,1.0,1.0,100000,0.05,scenario
Targeted_Agentic_Distillation_Cluster,100000.0,0.1,0.1,0.1,100,1.0000000000000002,scenario
Targeted_Agentic_Distillation_Cluster,100000.0,0.1,0.1,0.1,1000,0.10000000000000003,scenario
Targeted_Agentic_Distillation_Cluster,100000.0,0.1,0.1,0.1,10000,0.010000000000000004,scenario
Targeted_Agentic_Distillation_Cluster,100000.0,0.1,0.1,0.1,100000,0.0010000000000000002,scenario
Targeted_Agentic_Distillation_Cluster,100000.0,0.1,0.1,0.25,100,2.5000000000000004,scenario
Targeted_Agentic_Distillation_Cluster,100000.0,0.1,0.1,0.25,1000,0.25000000000000006,scenario
Targeted_Agentic_Distillation_Cluster,100000.0,0.1,0.1,0.25,10000,0.025000000000000005,scenario
Targeted_Agentic_Distillation_Cluster,100000.0,0.1,0.1,0.25,100000,0.0025000000000000005,scenario
Targeted_Agentic_Distillation_Cluster,100000.0,0.1,0.1,0.5,100,5.000000000000001,scenario
Targeted_Agentic_Distillation_Cluster,100000.0,0.1,0.1,0.5,1000,0.5000000000000001,scenario
Targeted_Agentic_Distillation_Cluster,100000.0,0.1,0.1,0.5,10000,0.05000000000000001,scenario
Targeted_Agentic_Distillation_Cluster,100000.0,0.1,0.1,0.5,100000,0.005000000000000001,scenario
Targeted_Agentic_Distillation_Cluster,100000.0,0.1,0.1,0.75,100,7.500000000000001,scenario
Targeted_Agentic_Distillation_Cluster,100000.0,0.1,0.1,0.75,1000,0.7500000000000001,scenario
Targeted_Agentic_Distillation_Cluster,100000.0,0.1,0.1,0.75,10000,0.07500000000000001,scenario
Targeted_Agentic_Distillation_Cluster,100000.0,0.1,0.1,0.75,100000,0.0075000000000000015,scenario
Targeted_Agentic_Distillation_Cluster,100000.0,0.1,0.1,1.0,100,10.000000000000002,scenario
Targeted_Agentic_Distillation_Cluster,100000.0,0.1,0.1,1.0,1000,1.0000000000000002,scenario
Targeted_Agentic_Distillation_Cluster,100000.0,0.1,0.1,1.0,10000,0.10000000000000002,scenario
Targeted_Agentic_Distillation_Cluster,100000.0,0.1,0.1,1.0,100000,0.010000000000000002,scenario
Targeted_Agentic_Distillation_Cluster,100000.0,0.1,0.25,0.1,100,2.5000000000000004,scenario
Targeted_Agentic_Distillation_Cluster,100000.0,0.1,0.25,0.1,1000,0.25000000000000006,scenario
Targeted_Agentic_Distillation_Cluster,100000.0,0.1,0.25,0.1,10000,0.025000000000000005,scenario
Targeted_Agentic_Distillation_Cluster,100000.0,0.1,0.25,0.1,100000,0.0025000000000000005,scenario
Targeted_Agentic_Distillation_Cluster,100000.0,0.1,0.25,0.25,100,6.25,scenario
Targeted_Agentic_Distillation_Cluster,100000.0,0.1,0.25,0.25,1000,0.625,scenario
Targeted_Agentic_Distillation_Cluster,100000.0,0.1,0.25,0.25,10000,0.0625,scenario
Targeted_Agentic_Distillation_Cluster,100000.0,0.1,0.25,0.25,100000,0.00625,scenario
Targeted_Agentic_Distillation_Cluster,100000.0,0.1,0.25,0.5,100,12.5,scenario
Targeted_Agentic_Distillation_Cluster,100000.0,0.1,0.25,0.5,1000,1.25,scenario
Targeted_Agentic_Distillation_Cluster,100000.0,0.1,0.25,0.5,10000,0.125,scenario
Targeted_Agentic_Distillation_Cluster,100000.0,0.1,0.25,0.5,100000,0.0125,scenario
Targeted_Agentic_Distillation_Cluster,100000.0,0.1,0.25,0.75,100,18.750000000000004,scenario
Targeted_Agentic_Distillation_Cluster,100000.0,0.1,0.25,0.75,1000,1.8750000000000002,scenario
Targeted_Agentic_Distillation_Cluster,100000.0,0.1,0.25,0.75,10000,0.18750000000000003,scenario
Targeted_Agentic_Distillation_Cluster,100000.0,0.1,0.25,0.75,100000,0.018750000000000003,scenario
Targeted_Agentic_Distillation_Cluster,100000.0,0.1,0.25,1.0,100,25.0,scenario
Targeted_Agentic_Distillation_Cluster,100000.0,0.1,0.25,1.0,1000,2.5,scenario
Targeted_Agentic_Distillation_Cluster,100000.0,0.1,0.25,1.0,10000,0.25,scenario
Targeted_Agentic_Distillation_Cluster,100000.0,0.1,0.25,1.0,100000,0.025,scenario
Targeted_Agentic_Distillation_Cluster,100000.0,0.1,0.5,0.1,100,5.000000000000001,scenario
Targeted_Agentic_Distillation_Cluster,100000.0,0.1,0.5,0.1,1000,0.5000000000000001,scenario
Targeted_Agentic_Distillation_Cluster,100000.0,0.1,0.5,0.1,10000,0.05000000000000001,scenario
Targeted_Agentic_Distillation_Cluster,100000.0,0.1,0.5,0.1,100000,0.005000000000000001,scenario
Targeted_Agentic_Distillation_Cluster,100000.0,0.1,0.5,0.25,100,12.5,scenario
Targeted_Agentic_Distillation_Cluster,100000.0,0.1,0.5,0.25,1000,1.25,scenario
Targeted_Agentic_Distillation_Cluster,100000.0,0.1,0.5,0.25,10000,0.125,scenario
Targeted_Agentic_Distillation_Cluster,100000.0,0.1,0.5,0.25,100000,0.0125,scenario
Targeted_Agentic_Distillation_Cluster,100000.0,0.1,0.5,0.5,100,25.0,scenario
Targeted_Agentic_Distillation_Cluster,100000.0,0.1,0.5,0.5,1000,2.5,scenario
Targeted_Agentic_Distillation_Cluster,100000.0,0.1,0.5,0.5,10000,0.25,scenario
Targeted_Agentic_Distillation_Cluster,100000.0,0.1,0.5,0.5,100000,0.025,scenario
Targeted_Agentic_Distillation_Cluster,100000.0,0.1,0.5,0.75,100,37.50000000000001,scenario
Targeted_Agentic_Distillation_Cluster,100000.0,0.1,0.5,0.75,1000,3.7500000000000004,scenario
Targeted_Agentic_Distillation_Cluster,100000.0,0.1,0.5,0.75,10000,0.37500000000000006,scenario
Targeted_Agentic_Distillation_Cluster,100000.0,0.1,0.5,0.75,100000,0.037500000000000006,scenario
Targeted_Agentic_Distillation_Cluster,100000.0,0.1,0.5,1.0,100,50.0,scenario
Targeted_Agentic_Distillation_Cluster,100000.0,0.1,0.5,1.0,1000,5.0,scenario
Targeted_Agentic_Distillation_Cluster,100000.0,0.1,0.5,1.0,10000,0.5,scenario
Targeted_Agentic_Distillation_Cluster,100000.0,0.1,0.5,1.0,100000,0.05,scenario
Targeted_Agentic_Distillation_Cluster,100000.0,0.1,0.75,0.1,100,7.500000000000001,scenario
Targeted_Agentic_Distillation_Cluster,100000.0,0.1,0.75,0.1,1000,0.7500000000000001,scenario
Targeted_Agentic_Distillation_Cluster,100000.0,0.1,0.75,0.1,10000,0.07500000000000001,scenario
Targeted_Agentic_Distillation_Cluster,100000.0,0.1,0.75,0.1,100000,0.0075000000000000015,scenario
Targeted_Agentic_Distillation_Cluster,100000.0,0.1,0.75,0.25,100,18.750000000000004,scenario
Targeted_Agentic_Distillation_Cluster,100000.0,0.1,0.75,0.25,1000,1.8750000000000002,scenario
Targeted_Agentic_Distillation_Cluster,100000.0,0.1,0.75,0.25,10000,0.18750000000000003,scenario
Targeted_Agentic_Distillation_Cluster,100000.0,0.1,0.75,0.25,100000,0.018750000000000003,scenario
Targeted_Agentic_Distillation_Cluster,100000.0,0.1,0.75,0.5,100,37.50000000000001,scenario
Targeted_Agentic_Distillation_Cluster,100000.0,0.1,0.75,0.5,1000,3.7500000000000004,scenario
Targeted_Agentic_Distillation_Cluster,100000.0,0.1,0.75,0.5,10000,0.37500000000000006,scenario
Targeted_Agentic_Distillation_Cluster,100000.0,0.1,0.75,0.5,100000,0.037500000000000006,scenario
Targeted_Agentic_Distillation_Cluster,100000.0,0.1,0.75,0.75,100,56.25000000000001,scenario
Targeted_Agentic_Distillation_Cluster,100000.0,0.1,0.75,0.75,1000,5.625000000000001,scenario
Targeted_Agentic_Distillation_Cluster,100000.0,0.1,0.75,0.75,10000,0.5625000000000001,scenario
Targeted_Agentic_Distillation_Cluster,100000.0,0.1,0.75,0.75,100000,0.05625000000000001,scenario
Targeted_Agentic_Distillation_Cluster,100000.0,0.1,0.75,1.0,100,75.00000000000001,scenario
Targeted_Agentic_Distillation_Cluster,100000.0,0.1,0.75,1.0,1000,7.500000000000001,scenario
Targeted_Agentic_Distillation_Cluster,100000.0,0.1,0.75,1.0,10000,0.7500000000000001,scenario
Targeted_Agentic_Distillation_Cluster,100000.0,0.1,0.75,1.0,100000,0.07500000000000001,scenario
Targeted_Agentic_Distillation_Cluster,100000.0,0.1,1.0,0.1,100,10.000000000000002,scenario
Targeted_Agentic_Distillation_Cluster,100000.0,0.1,1.0,0.1,1000,1.0000000000000002,scenario
Targeted_Agentic_Distillation_Cluster,100000.0,0.1,1.0,0.1,10000,0.10000000000000002,scenario
Targeted_Agentic_Distillation_Cluster,100000.0,0.1,1.0,0.1,100000,0.010000000000000002,scenario
Targeted_Agentic_Distillation_Cluster,100000.0,0.1,1.0,0.25,100,25.0,scenario
Targeted_Agentic_Distillation_Cluster,100000.0,0.1,1.0,0.25,1000,2.5,scenario
Targeted_Agentic_Distillation_Cluster,100000.0,0.1,1.0,0.25,10000,0.25,scenario
Targeted_Agentic_Distillation_Cluster,100000.0,0.1,1.0,0.25,100000,0.025,scenario
Targeted_Agentic_Distillation_Cluster,100000.0,0.1,1.0,0.5,100,50.0,scenario
Targeted_Agentic_Distillation_Cluster,100000.0,0.1,1.0,0.5,1000,5.0,scenario
Targeted_Agentic_Distillation_Cluster,100000.0,0.1,1.0,0.5,10000,0.5,scenario
Targeted_Agentic_Distillation_Cluster,100000.0,0.1,1.0,0.5,100000,0.05,scenario
Targeted_Agentic_Distillation_Cluster,100000.0,0.1,1.0,0.75,100,75.00000000000001,scenario
Targeted_Agentic_Distillation_Cluster,100000.0,0.1,1.0,0.75,1000,7.500000000000001,scenario
Targeted_Agentic_Distillation_Cluster,100000.0,0.1,1.0,0.75,10000,0.7500000000000001,scenario
Targeted_Agentic_Distillation_Cluster,100000.0,0.1,1.0,0.75,100000,0.07500000000000001,scenario
Targeted_Agentic_Distillation_Cluster,100000.0,0.1,1.0,1.0,100,100.0,scenario
Targeted_Agentic_Distillation_Cluster,100000.0,0.1,1.0,1.0,1000,10.0,scenario
Targeted_Agentic_Distillation_Cluster,100000.0,0.1,1.0,1.0,10000,1.0,scenario
Targeted_Agentic_Distillation_Cluster,100000.0,0.1,1.0,1.0,100000,0.1,scenario
